0,4320
1,18
2,11
3,34((3)/(15))
4,6
5,1350
6,600
7,4995
8,8.8
9,3
10,41
11,105
12,80
13,56
14,36
15,8172
16,16
17,18.7
18,322.5
19,10
20,120
21,4((11)/(20))
22,100
23,68
24,288
25,53((1)/(3))
26,19
27,32
28,1.96
29,1950
30,3.6
31,72
32,9
33,720
34,78
35,((23)/(20))
36,251
37,5
38,((29)/(60))
39,48
40,400
41,24
42,6((2)/(3))
43,500
44,16
45,16
46,95
47,288
48,38
49,280
50,608
51,8
52,8000
53,280
54,780
55,120
56,142
57,5125
58,1248
59,9
60,13((1)/(2))
61,1201
62,300
63,738
64,1176
65,588
66,13999.2
67,0
68,3360
69,765
70,10
71,66.6
72,6600
73,((7)/(8))
74,200
75,1.6
76,0.025
77,((11)/(20))
78,28
79,194
80,3.3
81,5905
82,7
83,400
84,250
85,25%
86,14.2666...,
87,3600
88,400
89,374
90,1.89
91,20
92,20
93,1735
94,400
95,502
96,4
97,56
98,3
99,260
100,2288
101,4
102,3512.2
103,15
104,8
105,15
106,((5)/(9))
107,2.04475
108,10.9
109,10
110,((8)/(10))
111,1200
112,560
113,150
114,17
115,100
116,2221
117,623
118,192
119,124
120,1.82
121,12.5
122,1
123,69
124,2000
125,90%
126,380
127,0.3
128,124
129,770
130,((7)/(9))
131,5990
132,10
133,12
134,11200
135,5
136,595
137,50
138,24
139,87
140,80
141,337
142,144
143,17
144,8132.48
145,356
146,12
147,8400
148,4800
149,8((3)/(4))
150,((2)/(9))
151,494
152,((25)/(7))
153,500
154,8000
155,((3)/(5))
156,15
157,600
158,48
159,205
160,30
161,0.5
162,4.75
163,0.65
164,28
165,1350
166,336
167,775
168,10
169,640
170,6
171,14
172,280
173,96
174,((11)/(35))
175,14
176,52
177,8
178,8
179,11((9)/(19))
180,1-400
181,123.56
182,12
183,27
184,((1)/(2))
185,650
186,5000
187,10
188,156
189,18
190,782
191,98.8
192,10395
193,880
194,6200
195,2180
196,736
197,56.52
198,450
199,264
200,150
201,114
202,18
203,((7)/(20))
204,0.8
205,40
206,((19)/(9))
207,6((1)/(8))
208,39((11)/(15))
209,5336
210,6
211,64.5
212,3501
213,1.5213
214,6
215,2500
216,2
217,4.25
218,63048
219,10000
220,5
221,333
222,20
223,16
224,200
225,2080
226,32
227,9
228,((6)/(7))
229,14.4
230,190
231,293
232,3000
233,207
234,684
235,3500
236,701
237,5100
238,((1)/(18))
239,170
240,816
241,220
242,2((1)/(8))
243,5375
244,432
245,((3)/(5))
246,23.04
247,1((5)/(24))
248,79
249,8
250,3.2
251,6
252,3186
253,1260
254,1800
255,3000
256,1536
257,6.25
258,490
259,5((5)/(7))
260,2700
261,432
262,32
263,1600
264,4
265,3
266,((7)/(8))
267,96
268,26
269,94
270,25000
271,12.3
272,750
273,12
274,520
275,1785
276,199
277,5.4
278,32
279,900
280,282.72
281,7
282,6
283,736
284,64
285,18
286,240
287,579
288,6
289,2250
290,1000
291,5((5)/(9))
292,0
293,552
294,16((2/3))
295,20
296,5280
297,3
298,4
299,84
300,224
301,2.3
302,8
303,7((5)/(7))
304,81
305,19873.6
306,9
307,20
308,5
309,5
310,102.8
311,450
312,31.5
313,((2)/(7))
314,144
315,70
316,4000
317,324
318,900
319,((1)/(3))
320,7
321,432
322,((1)/(2))
323,((29)/(40))
324,1
325,6
326,3450
327,71.25
328,740
329,2
330,12287.5
331,434000
332,16000
333,300
334,((4)/(7))
335,448
336,15
337,486
338,6
339,10000
340,10
341,90
342,20.1
343,50
344,60
345,50
346,48
347,7
348,425
349,7
350,32
351,600
352,485
353,1588
354,162
355,140
356,159
357,5
358,2.5
359,0.2
360,45216
361,125600
362,35
363,9
364,15
365,540
366,((11)/(35))
367,32
368,((1)/(8))
369,219
370,150
371,242
372,9
373,7.95
374,36
375,1350
376,591
377,9043.2
378,4429
379,6
380,70
381,43
382,((1)/(5))
383,6240
384,56375
385,90((10)/(15))
386,48
387,18.84
388,600
389,18((2/5))
390,15
391,1260
392,768
393,850
394,471000
395,1150
396,450
397,15
398,6592
399,12.6
400,162
401,136
402,864
403,((10)/(9))
404,440
405,32
406,15
407,((4)/(15))
408,4.75
409,3.14
410,11.75
411,5((5)/(28))
412,((1)/(4))
413,800
414,10
415,516
416,55
417,8
418,440
419,20
420,((2)/(9))
421,500
422,303
423,0.5
424,1.12
425,14.88
426,180
427,1120
428,121
429,1500
430,580
431,1280
432,384
433,102
434,12960
435,30((5)/(6))
436,408
437,44
438,1.275
439,600
440,1/4
441,40
442,410
443,87.5
444,64
445,765
446,((3)/(5))
447,0.45
448,20
449,1920
450,1036
451,68
452,1.566
453,10
454,30
455,133
456,1080
457,60
458,76
459,390
460,40
461,2400
462,32
463,816
464,6
465,1710
466,270
467,246
468,20
469,30
470,12
471,16
472,700
473,125.6
474,6
475,21
476,526
477,1
478,1152
479,707
480,320
481,533
482,((17)/(60))
483,3.2
484,30
485,280
486,60
487,216
488,15.5
489,100.6
490,3.566666...
491,96
492,250
493,44.72
494,440
495,2037.36
496,36000
497,1440
498,80
499,1344
500,272
501,800
502,384
503,((3)/(4))
504,885
505,639
506,150
507,660
508,18840
509,39
510,264000
511,14
512,((17)/(40))
513,3.5
514,120
515,57((1)/(7))
516,786
517,0.5
518,((1)/(2))
519,490
520,44((2)/(3))
521,7
522,355
523,1800
524,((1)/(4))
525,200
526,340
527,100
528,20
529,31.4
530,120
531,1
532,150
533,52.05
534,6
535,450000
536,1.44
537,23
538,7
539,96
540,10
541,100000
542,216
543,2250
544,44((4)/(9))
545,60
546,0.06
547,84
548,1
549,60
550,1730
551,78.5
552,38
553,9
554,1100
555,750
556,11
557,28
558,3.14
559,100.48
560,0.8
561,6
562,9
563,360
564,19
565,60
566,1400
567,147
568,600
569,2500
570,253
571,16.8
572,10700
573,24
574,500
575,39.9
576,3
577,2
578,100
579,400
580,1600
581,12
582,299.7
583,1200
584,8
585,12
586,31
587,33
588,50
589,240
590,26
591,16
592,40
593,0.4
594,4
595,31.4
596,0.9
597,930
598,192
599,10000
600,2544
601,5
602,3.2
603,100
604,50
605,((1)/(5))
606,100
607,60
608,4((3)/(5))
609,62
610,9000000
611,15
612,696
613,1.5
614,9.6
615,912000
616,104.9
617,6.25
618,942
619,80
620,89.4
621,50
622,251.2
623,114
624,98
625,15
626,550
627,0.5
628,53
629,27
630,60
631,19.908
632,3
633,2000
634,1512
635,5%
636,90%
637,25%
638,99%
639,60
640,10
641,80
642,45
643,32
644,1350
645,2
646,6
647,24
648,2150000
649,60
650,260
651,120
652,9
653,25
654,98%
655,49
656,40
657,98%
658,1.5
659,95%
660,72
661,50%
662,9500
663,75%
664,6
665,1094.5
666,5000000
667,250
668,28
669,36
670,75
671,490
672,40
673,80
674,0.0005
675,96%
676,8
677,2
678,98%
679,96%
680,1000000
681,46000
682,120
683,450
684,140
685,21
686,2400
687,120
688,360000
689,5
690,320
691,1500
692,81
693,1
694,40
695,550
696,16
697,18
698,((29)/(40))
699,67.5
700,75
701,72
702,5
703,3.125
704,7
705,16
706,94%
707,((5)/(8))
708,20
709,54
710,32
711,19*1.5,answer:28.5
712,2.4
713,0.3
714,10%
715,100000
716,0.6
717,0.0768
718,20
719,30
720,15000000
721,376.8
722,1350
723,160
724,48
725,425
726,4250
727,117
728,0.6
729,180
730,120
731,30
732,48
733,100
734,269
735,13500
736,13
737,1.25
738,70
739,16
740,95%
741,2.5
742,((7)/(8))
743,5
744,650
745,2000
746,50
747,17.16
748,8
749,203
750,7
751,3
752,70
753,11
754,1960
755,5
756,20
757,128
758,180
759,1120
760,62.5
761,60
762,188.4
763,63.4
764,40
765,6000
766,219456
767,3.2
768,12000
769,15
770,815
771,57
772,187.5
773,54
774,5250
775,168
776,2512
777,40
778,420
779,4
780,4
781,3600
782,3520
783,0.5
784,117
785,156
786,8
787,4((2)/(9))
788,375
789,144
790,98%
791,1296
792,612.5
793,45
794,72.09
795,3050
796,12
797,60
798,25
799,600
800,27.1
801,55
802,36
803,54
804,46
805,24.8
806,2
807,96
808,((1)/(11))
809,124
810,5.1
811,5.5
812,40
813,314
814,25
815,4000
816,2000
817,11
818,8
819,90
820,154
821,840
822,66
823,100
824,6.28
825,105000000
826,146200000
827,60
828,12000
829,21
830,2900000
831,340
832,10.02
833,15
834,130
835,480
836,30
837,128
838,38
839,5
840,8
841,1
842,8
843,250
844,546
845,68
846,16
847,42
848,625
849,9
850,360
851,1875
852,55
853,12
854,((1)/(3))
855,0.8
856,65
857,3000
858,19.5
859,72
860,7
861,100
862,48
863,((2)/(7))
864,0.0144
865,11.6
866,11
867,664
868,1.1
869,2
870,13.2
871,720
872,9
873,61.44
874,44
875,17
876,10000
877,16.666...%
878,12.56
879,49%
880,64
881,1200
882,270
883,14
884,115
885,47
886,30
887,4710
888,20
889,24
890,4
891,324
892,700
893,36
894,320
895,7
896,285
897,10
898,0.096
899,0.0144
900,4000
901,207000
902,16
903,225
904,3
905,3((9)/(100))
906,72
907,420
908,26
909,25.12
910,20
911,6.3
912,102
913,29
914,6.6
915,435
916,8880
917,394.6
918,94.2
919,1.35
920,200
921,1.5
922,6
923,98.75%
924,48
925,1440
926,95%
927,285
928,30
929,8
930,6000
931,5000
932,120
933,18.84
934,7.1
935,1250
936,75
937,90
938,6.66
939,9
940,320
941,19
942,204
943,24
944,26
945,((5)/(12))
946,176
947,5((1)/(3))
948,90
949,48
950,0.6
951,32
952,89
953,255
954,594
955,10
956,16
957,1200
958,7200
959,1300
960,6
961,7
962,640
963,31045
964,16
965,3
966,25
967,991
968,480
969,((1)/(8))
970,152.4
971,11
972,3474
973,1000
974,41
975,12
976,70
977,4
978,349
979,930
980,182.9
981,1320
982,0.03
983,448
984,3.9333%
985,74
986,44.16
987,10
988,24
989,210
990,24
991,2760
992,581
993,686
994,10%
995,2040
996,((5)/(11))
997,36
998,72
999,((7)/(10))
1000,31.4
1001,560
1002,89
1003,45
1004,5
1005,105%
1006,100
1007,31
1008,12096
1009,((1)/(4))
1010,1.5
1011,167
1012,312.5
1013,4%
1014,46
1015,160
1016,15
1017,60
1018,94
1019,((2)/(3))
1020,8
1021,20%
1022,50%
1023,251.2
1024,10
1025,4.432
1026,17000
1027,((1)/(4))
1028,63
1029,80
1030,21
1031,220.82
1032,31
1033,11
1034,91
1035,264
1036,0.36
1037,30
1038,900
1039,10
1040,10
1041,6300
1042,2小时
1043,157
1044,35.85
1045,28*49,answer:1372
1046,((9)/(4))
1047,36
1048,12157
1049,562.5
1050,60
1051,100
1052,240
1053,110
1054,1125
1055,1000000
1056,6
1057,101.34
1058,((3)/(16))
1059,3.84
1060,237
1061,10.0
1062,3.87
1063,3
1064,60
1065,20
1066,68
1067,4
1068,24
1069,45
1070,55
1071,12.5
1072,32
1073,284
1074,((1)/(5))
1075,4078
1076,3
1077,268
1078,((3)/(6))
1079,60
1080,544
1081,126
1082,50
1083,20
1084,1.3
1085,10
1086,((2)/(5))
1087,480
1088,((4)/(9))
1089,0.0144
1090,210
1091,45
1092,3875
1093,448
1094,1512
1095,27
1096,1440
1097,((5)/(8))
1098,15
1099,120
1100,((3)/(7))
1101,16
1102,867
1103,15
1104,285
1105,((2)/(5))
1106,105.7
1107,24
1108,9
1109,20
1110,27
1111,3
1112,77.5
1113,25%
1114,700
1115,68
1116,6000
1117,20
1118,6
1119,3
1120,15
1121,30
1122,18
1123,10
1124,16
1125,8200
1126,14
1127,1.8
1128,100
1129,66((2)/(3))
1130,0.66
1131,21
1132,30
1133,550
1134,128
1135,0.75
1136,30.05
1137,15
1138,480
1139,184
1140,450
1141,27
1142,6
1143,180
1144,15
1145,4
1146,400
1147,2190
1148,60
1149,19.3
1150,212
1151,100
1152,((1)/(2))
1153,770
1154,12
1155,180
1156,11.5
1157,30
1158,1154
1159,3
1160,21
1161,3
1162,160
1163,36
1164,9395
1165,6
1166,6
1167,25
1168,44.2
1169,18
1170,10%
1171,900
1172,120
1173,50
1174,0.015
1175,98%
1176,1.8
1177,50
1178,5600
1179,288
1180,3
1181,45000
1182,24
1183,36
1184,236
1185,120
1186,36
1187,400
1188,700
1189,60
1190,3.2
1191,360
1192,27000
1193,60000
1194,86.4
1195,4.583333...%
1196,((1)/(6))
1197,45
1198,156
1199,62.8
1200,144
1201,0.25
1202,0.0019
1203,25%
1204,51
1205,6.4
1206,6
1207,60
1208,6
1209,5
1210,1
1211,33
1212,788
1213,45%
1214,60
1215,16
1216,109
1217,30
1218,33
1219,((3)/(4))
1220,77%
1221,30
1222,2.5
1223,188.4
1224,((8)/(25))
1225,((1)/(9))
1226,188.4
1227,1600
1228,17
1229,100
1230,3.2
1231,3.2
1232,54
1233,64
1234,8100
1235,282.6
1236,1
1237,85
1238,19
1239,30
1240,24%
1241,12
1242,240
1243,240
1244,207
1245,4200
1246,95
1247,99
1248,56
1249,180
1250,33
1251,45
1252,36
1253,16
1254,36
1255,8
1256,30
1257,38
1258,24
1259,16
1260,53
1261,22
1262,8
1263,37
1264,6
1265,51
1266,8
1267,17
1268,23
1269,18
1270,55
1271,53
1272,30
1273,26
1274,46
1275,12
1276,72
1277,54
1278,84
1279,30
1280,81
1281,51
1282,84
1283,24
1284,48
1285,56
1286,24
1287,35
1288,27
1289,48
1290,9
1291,22
1292,26
1293,10
1294,40
1295,2
1296,100
1297,1500
1298,8
1299,6
1300,5
1301,20
1302,6
1303,5
1304,6
1305,5
1306,3
1307,0.5
1308,8((2)/(3))
1309,8.5
1310,6
1311,7((1)/(7))
1312,3
1313,32
1314,8
1315,9
1316,17
1317,5
1318,7
1319,5
1320,7
1321,6
1322,80
1323,31
1324,20
1325,40
1326,17
1327,8
1328,20
1329,6
1330,36
1331,6
1332,68
1333,18
1334,4
1335,25
1336,54
1337,56
1338,24
1339,5
1340,73
1341,24
1342,6
1343,6
1344,24
1345,84
1346,31
1347,24
1348,6
1349,17
1350,23
1351,16
1352,27
1353,32
1354,9
1355,66
1356,110
1357,75.36
1358,160
1359,350
1360,192
1361,12960
1362,30000
1363,((5)/(9))
1364,36000
1365,((4)/(5))
1366,32
1367,2
1368,28896
1369,80
1370,48
1371,81
1372,335
1373,60
1374,52.5
1375,((14)/(35)-((7)/(35)-(2/7)),answer:((11)/(35))
1376,2250
1377,244
1378,51000
1379,1408
1380,2.7
1381,100.48
1382,400
1383,162
1384,440
1385,10.8
1386,32
1387,24
1388,150
1389,8.2
1390,33
1391,30
1392,48000
1393,9
1394,0.04
1395,16
1396,1600
1397,60
1398,95
1399,840
1400,3
1401,180
1402,640
1403,1
1404,30
1405,9
1406,23
1407,49
1408,787
1409,125
1410,139
1411,100
1412,448
1413,40
1414,448
1415,1176000
1416,3850
1417,3
1418,240
1419,31
1420,1((11)/(60))
1421,20.6
1422,33.45
1423,2.4
1424,0.008
1425,9
1426,8
1427,4
1428,72
1429,10
1430,22.5
1431,28
1432,18
1433,68
1434,2.8
1435,44.9
1436,190
1437,270.24
1438,198.45
1439,2400
1440,15
1441,9
1442,110
1443,744
1444,36
1445,33
1446,13950
1447,100
1448,0.35
1449,4
1450,176
1451,240
1452,144
1453,307
1454,36
1455,40
1456,169
1457,59
1458,3
1459,9
1460,3612
1461,560
1462,98
1463,90
1464,10
1465,290
1466,55
1467,198
1468,4.75
1469,1.1
1470,137
1471,30
1472,16
1473,60
1474,29
1475,8
1476,50
1477,9000
1478,18
1479,12
1480,0.6
1481,8448
1482,15
1483,230.4
1484,((121)/(71))
1485,4
1486,10
1487,37
1488,8
1489,56
1490,21
1491,12
1492,31
1493,17.5
1494,32
1495,160000
1496,5
1497,5
1498,8
1499,2370
1500,90
1501,3
1502,151
1503,4
1504,371
1505,27.2
1506,50
1507,48
1508,19.1
1509,360
1510,945
1511,47((13)/(19))
1512,448000
1513,200
1514,75
1515,480
1516,24
1517,1.55
1518,1300
1519,108
1520,90
1521,96
1522,300
1523,440000
1524,277
1525,576
1526,70
1527,3
1528,23.04
1529,780
1530,1005
1531,14
1532,8
1533,2375
1534,4480
1535,((1)/(2))
1536,2.5
1537,18
1538,((1)/(21))
1539,160
1540,128
1541,452.16
1542,4
1543,120
1544,12
1545,400
1546,26
1547,21
1548,1
1549,8
1550,0.39
1551,28
1552,3050
1553,3150
1554,20
1555,753.6
1556,22.608
1557,3
1558,40000
1559,20000
1560,1000
1561,17
1562,10
1563,27
1564,105
1565,60
1566,240
1567,6
1568,5200
1569,9
1570,3000
1571,12.8
1572,31.4
1573,8
1574,26
1575,188.4
1576,9420
1577,49.0
1578,210
1579,306
1580,125
1581,640000
1582,12500000
1583,250
1584,250
1585,2400
1586,100
1587,4.8
1588,50
1589,0.03
1590,73
1591,96
1592,108
1593,175
1594,50
1595,2058
1596,5.2
1597,22%
1598,10
1599,392
1600,30
1601,32
1602,25
1603,800
1604,18
1605,20%
1606,1512
1607,210
1608,8
1609,12.56
1610,4921.6
1611,4921
1612,800
1613,1286.4
1614,75.36
1615,60
1616,563
1617,12
1618,0.666...
1619,488
1620,45
1621,75
1622,121.28
1623,120
1624,120
1625,369.22
1626,28
1627,2500000
1628,1.25
1629,16
1630,1600
1631,14
1632,15
1633,1
1634,85000
1635,0.002
1636,1((1)/(10))
1637,54
1638,24
1639,0.8
1640,48
1641,308.88
1642,480
1643,612
1644,50.44
1645,12
1646,6.28
1647,0.0125
1648,180
1649,11.25
1650,1770
1651,50
1652,8
1653,15
1654,94%
1655,125.6
1656,2
1657,600
1658,None
1659,1.98
1660,81
1661,4
1662,1
1663,18
1664,3.2
1665,24
1666,36
1667,6.6
1668,625
1669,0.3633
1670,((9)/(25))
1671,109.45
1672,945
1673,30
1674,40
1675,108
1676,600
1677,6
1678,144
1679,1000
1680,630
1681,3200
1682,142((2)/(7))
1683,600
1684,3.6
1685,20
1686,150
1687,675
1688,250
1689,150
1690,1120
1691,32000000
1692,2.4
1693,12
1694,37.68
1695,600
1696,10.4
1697,5
1698,30
1699,2
1700,15
1701,20
1702,6.8571428571
1703,0.8
1704,((32)/(15))
1705,0.25
1706,8
1707,9
1708,40
1709,6
1710,640
1711,0.0136
1712,66
1713,40
1714,320
1715,10
1716,9
1717,400
1718,15
1719,640
1720,((3)/(20))
1721,68.6448
1722,9
1723,192
1724,176.712
1725,22
1726,1085
1727,631.0736
1728,8
1729,360
1730,((12)/(10))
1731,10
1732,100
1733,37.5
1734,25
1735,60
1736,560
1737,130
1738,260
1739,688
1740,23
1741,60
1742,24
1743,1380
1744,140
1745,36
1746,80
1747,3770
1748,32
1749,16
1750,114
1751,290
1752,8
1753,1.74
1754,25
1755,45
1756,1.5
1757,20000
1758,31.4
1759,200
1760,17.6
1761,192
1762,32.13
1763,15
1764,20
1765,1000
1766,51
1767,5
1768,36
1769,8
1770,2
1771,1350
1772,15
1773,2682
1774,3.1
1775,160
1776,2000
1777,250
1778,23120
1779,1030
1780,50
1781,8
1782,1135
1783,1800
1784,68
1785,2((26)/(27))
1786,9
1787,5((2)/(3))
1788,968
1789,6.4
1790,600
1791,250
1792,84-256,answer:(-172)
1793,11460
1794,5
1795,22.95
1796,5((17)/(15))
1797,100
1798,24
1799,500
1800,40000
1801,((11)/(19))
1802,3360
1803,9
1804,200
1805,942
1806,7200
1807,12
1808,80
1809,7.5
1810,660
1811,4
1812,1256
1813,6
1814,6
1815,72
1816,2
1817,0.0125
1818,12
1819,60
1820,6840
1821,9
1822,22
1823,9
1824,3650.4
1825,1465
1826,100
1827,4((46)/(62))
1828,80
1829,231.98
1830,40
1831,2((2)/(9))
1832,5
1833,5928
1834,272
1835,125.6
1836,2687
1837,3((1)/(3))
1838,12.4
1839,4
1840,140
1841,2000
1842,3
1843,3.5
1844,280
1845,87.92
1846,12
1847,780
1848,9.6
1849,3000
1850,818
1851,151.8
1852,35
1853,1035
1854,6
1855,12
1856,1200
1857,4500
1858,60
1859,40
1860,6
1861,0.0157
1862,96
1863,12
1864,7
1865,3
1866,1250
1867,5
1868,26
1869,6720
1870,630
1871,100
1872,5400
1873,8000
1874,0.5
1875,11.4
1876,24
1877,6.7
1878,120
1879,45
1880,18.84
1881,6.97
1882,6
1883,3888
1884,1088
1885,5
1886,28
1887,7
1888,240
1889,3
1890,16((2)/(3))
1891,52%
1892,54
1893,31
1894,125
1895,96
1896,((2)/(15))
1897,3
1898,12
1899,44
1900,9
1901,37.5
1902,3600
1903,2.1
1904,3.375
1905,80
1906,420
1907,864
1908,27
1909,15.75
1910,33750
1911,1459
1912,12
1913,9
1914,0.148
1915,108
1916,72
1917,11
1918,16
1919,96
1920,12
1921,343
1922,10.2
1923,5186
1924,13
1925,360
1926,120
1927,72
1928,2
1929,50.26512
1930,20
1931,7
1932,40
1933,12288
1934,3100
1935,3
1936,1800
1937,331.8
1938,11((1)/(17))
1939,40
1940,400
1941,4.2
1942,62.8
1943,500
1944,15.9
1945,24
1946,570
1947,100
1948,16
1949,13
1950,25%
1951,(-20)
1952,4
1953,27.6
1954,4
1955,4900
1956,14
1957,217
1958,314
1959,84
1960,16
1961,0.04
1962,3740
1963,16
1964,38944
1965,4
1966,591
1967,280
1968,7.85
1969,15
1970,14.2
1971,2.2
1972,27
1973,0.8
1974,6
1975,41.6
1976,3
1977,60
1978,90
1979,7
1980,5
1981,3
1982,14.1
1983,25.9
1984,6
1985,78
1986,300
1987,((1)/(15))
1988,1.5
1989,2500
1990,201
1991,13
1992,36.5
1993,5073.75
1994,22
1995,4605
1996,0.08
1997,18
1998,1260000
1999,0.0001
2000,24
2001,168
2002,8
2003,81
2004,8
2005,45
2006,260
2007,885
2008,900
2009,621
2010,500
2011,45
2012,1300
2013,0.05
2014,1
2015,360
2016,14.52
2017,2.7
2018,((1)/(75))
2019,200
2020,70
2021,96
2022,420
2023,400
2024,4
2025,10.88
2026,70
2027,15
2028,4
2029,15%
2030,25%
2031,4((46)/(78))
2032,62.5
2033,56
2034,8640
2035,2300
2036,648
2037,360
2038,384
2039,3
2040,0.8
2041,6
2042,157000
2043,5((5)/(7))
2044,0.5
2045,9
2046,240
2047,18
2048,7((13)/(26))
2049,20
2050,900
2051,1069
2052,216
2053,748.8
2054,5
2055,301.6
2056,51
2057,250
2058,1.2
2059,1900000
2060,50
2061,41
2062,1
2063,20.2
2064,12
2065,540
2066,2000
2067,3200
2068,3.14
2069,315
2070,63
2071,270
2072,3000
2073,96
2074,16
2075,129
2076,725
2077,4.9
2078,400
2079,2000
2080,2.9
2081,22.85
2082,35
2083,12
2084,37500
2085,80
2086,188.4
2087,54
2088,300
2089,1740
2090,112
2091,108
2092,9000
2093,850
2094,672
2095,17640
2096,31.4
2097,36
2098,8
2099,5
2100,780
2101,2000
2102,2
2103,((504)/(314))
2104,96
2105,40
2106,1.256
2107,100.48
2108,460
2109,2464
2110,100
2111,4
2112,128
2113,19.904
2114,16
2115,622
2116,240
2117,20
2118,157
2119,84
2120,15
2121,1088
2122,113.04
2123,89
2124,0.85
2125,3.14
2126,830
2127,109
2128,248
2129,90
2130,4.8
2131,300
2132,15((1)/(5))
2133,3645
2134,7
2135,135120
2136,21((1)/(6))
2137,7
2138,14.5
2139,12
2140,2
2141,36
2142,11
2143,11((1)/(9))
2144,0.4
2145,9((9)/(32))
2146,1296
2147,1200
2148,1((1)/(12))
2149,10
2150,565.2
2151,49.376
2152,4
2153,62.8
2154,699
2155,4
2156,2
2157,120
2158,15
2159,46.224
2160,400
2161,480
2162,156
2163,160
2164,22((2)/(22))
2165,37.5
2166,60
2167,470
2168,96
2169,0.03
2170,2.5
2171,1
2172,32.5%
2173,11184.8
2174,6
2175,12%
2176,650
2177,3
2178,400
2179,40
2180,480.1
2181,60
2182,715
2183,4
2184,342
2185,100
2186,3
2187,441
2188,1456
2189,30000
2190,900
2191,24
2192,1500
2193,56
2194,2
2195,3400
2196,24
2197,0.4
2198,4
2199,11((7)/(8))
2200,1210
2201,432
2202,1440
2203,11400
2204,3
2205,4
2206,18
2207,40
2208,16((4)/(9))
2209,210
2210,496
2211,251.2
2212,350
2213,6000
2214,1.29
2215,16
2216,9((2)/(3))
2217,370
2218,9
2219,19.666...
2220,10890
2221,3180
2222,495
2223,42
2224,61.5625
2225,625
2226,24000
2227,60
2228,6.3
2229,1900
2230,75.36
2231,4
2232,((48)/(11))
2233,4.5
2234,1.055
2235,1.8
2236,18
2237,77
2238,36
2239,160
2240,1500
2241,142.5
2242,2
2243,6300
2244,45
2245,1.8
2246,5((7)/(20))
2247,80
2248,4.5
2249,750
2250,1884
2251,60
2252,108
2253,36
2254,1440
2255,9
2256,300
2257,5750
2258,32
2259,6
2260,288
2261,16%
2262,22%
2263,15.3
2264,2
2265,25
2266,224
2267,22.5
2268,26
2269,144
2270,0.95
2271,80
2272,71.8
2273,57
2274,2((2)/(5))
2275,681
2276,923
2277,320
2278,100
2279,2
2280,90
2281,3060
2282,2100
2283,1190
2284,3676
2285,15
2286,400
2287,10
2288,8
2289,350
2290,100
2291,45
2292,45
2293,60
2294,44.8
2295,3.28
2296,72
2297,4
2298,0.08
2299,62.8
2300,24
2301,3
2302,4.8
2303,9
2304,57.6
2305,6.28
2306,13
2307,101
2308,55
2309,8((2)/(3))
2310,8
2311,5((5)/(84))
2312,8
2313,330
2314,485
2315,6
2316,1362
2317,420
2318,((6)/(10))
2319,50
2320,52.5
2321,180
2322,120
2323,25.6
2324,75
2325,1000
2326,399
2327,70
2328,615
2329,12.5
2330,50
2331,39
2332,((5)/(12))
2333,4200
2334,0.072
2335,120
2336,12
2337,5
2338,858
2339,2
2340,2.3
2341,1520
2342,12
2343,53
2344,((3)/(84))
2345,112
2346,52
2347,72
2348,48
2349,327
2350,1080
2351,45
2352,120
2353,24
2354,150
2355,320
2356,608.88
2357,12.1
2358,50
2359,1243
2360,60%
2361,12
2362,44.8
2363,8.8
2364,476
2365,345
2366,20
2367,26.58
2368,24
2369,4
2370,100
2371,7.5
2372,1.413
2373,450
2374,30
2375,30
2376,16
2377,49
2378,12
2379,5.2
2380,90
2381,24
2382,2.4
2383,2000
2384,400
2385,992
2386,464
2387,829
2388,14((4)/(5))
2389,((3)/(4))
2390,120
2391,0.002
2392,21000000
2393,0.0015
2394,25.2
2395,5((5)/(9))
2396,120
2397,36
2398,((1)/(239))
2399,125%
2400,35.7
2401,1.5
2402,0.002
2403,8
2404,280
2405,96
2406,40
2407,3.9
2408,11.2
2409,28.26
2410,4
2411,22.14
2412,8
2413,8
2414,24
2415,240
2416,12.56
2417,210
2418,112
2419,20
2420,235.6
2421,600
2422,7
2423,((7)/(6))
2424,5.4
2425,1539
2426,96
2427,8
2428,75
2429,7.2
2430,22
2431,20
2432,3
2433,2
2434,120
2435,60
2436,89
2437,672
2438,18((2)/(7))
2439,8
2440,4
2441,111
2442,72
2443,23
2444,22.45
2445,6
2446,75
2447,140
2448,14
2449,60000
2450,1.65
2451,30
2452,2((2)/(3))
2453,452.14
2454,80
2455,2.409...
2456,20%
2457,192
2458,32
2459,1225
2460,9
2461,5
2462,3
2463,28
2464,34680
2465,135
2466,31.4
2467,60
2468,44
2469,232
2470,16
2471,44
2472,10
2473,12000000
2474,1.5
2475,8000000
2476,50
2477,35
2478,25
2479,100
2480,30
2481,11
2482,24
2483,7.5
2484,12.56
2485,600
2486,13
2487,658
2488,4
2489,8
2490,60
2491,10
2492,11
2493,10
2494,80((10)/(11))
2495,1038
2496,40
2497,9900
2498,((1)/(8))
2499,0
2500,115((5)/(13))
2501,40
2502,2000
2503,30
2504,65%
2505,20
2506,((40)/(9))
2507,9
2508,216
2509,120
2510,9000
2511,113.04
2512,8200
2513,11.34
2514,1.05
2515,80
2516,1.5
2517,15.072
2518,94.2
2519,1
2520,195
2521,5840
2522,153.890
2523,4
2524,12
2525,1120
2526,32
2527,480
2528,40
2529,66
2530,12
2531,8
2532,10
2533,288
2534,15
2535,6
2536,320
2537,216
2538,0.5
2539,40
2540,22.5
2541,7
2542,10
2543,2
2544,300
2545,15
2546,1056
2547,200
2548,1500
2549,22
2550,3
2551,5
2552,40n
2553,12.5%
2554,18
2555,6.5
2556,392
2557,251.2
2558,3
2559,240
2560,36%
2561,90
2562,9.2
2563,30
2564,4
2565,1380
2566,68
2567,50.24
2568,0.0002
2569,840
2570,120
2571,2878
2572,8((4)/(23))
2573,3
2574,20
2575,60
2576,4
2577,115
2578,27.78
2579,33984
2580,428
2581,12.5
2582,12
2583,58
2584,12.5
2585,64000
2586,48
2587,1
2588,31.5
2589,12
2590,1.5
2591,26
2592,55
2593,220
2594,180
2595,1600
2596,1800
2597,2.05
2598,43.2
2599,54
2600,125
2601,3360
2602,600
2603,48
2604,16
2605,22
2606,21
2607,0.00025
2608,2500000
2609,4
2610,18
2611,12.56
2612,1364
2613,5625
2614,40
2615,11
2616,80
2617,1800
2618,990
2619,75%
2620,98%
2621,0.2
2622,((7)/(11))
2623,17
2624,3.5
2625,48.81
2626,25.12
2627,120
2628,60%
2629,160
2630,234
2631,4.8
2632,0.04
2633,74
2634,1.2
2635,100
2636,7
2637,7497.6
2638,20
2639,17
2640,3
2641,9
2642,24
2643,660
2644,18
2645,128
2646,60
2647,76
2648,160
2649,90
2650,2
2651,20
2652,4
2653,300
2654,240
2655,2.4
2656,750
2657,4
2658,4.5
2659,44.15
2660,37.68
2661,100
2662,4
2663,0.3
2664,330
2665,1728
2666,3.456
2667,99%
2668,60
2669,68
2670,((8)/(19))
2671,400
2672,3500
2673,51
2674,10
2675,35
2676,24
2677,4
2678,168
2679,128.4
2680,61
2681,5
2682,10.25
2683,900000
2684,200000
2685,2800
2686,240
2687,20000
2688,132
2689,2
2690,220
2691,5000
2692,55%
2693,264
2694,14.5
2695,6
2696,94.2
2697,530
2698,3
2699,24
2700,11
2701,8
2702,1200
2703,100
2704,84
2705,200
2706,4((46)/(62))
2707,6
2708,6
2709,5.2
2710,600
2711,12
2712,36.75
2713,720
2714,2
2715,370
2716,113.04
2717,47
2718,18
2719,2.5
2720,2800
2721,1512
2722,19200
2723,2209
2724,20400
2725,3.6
2726,15
2727,70
2728,2220
2729,9
2730,139.2
2731,21
2732,4.8
2733,200
2734,6
2735,3
2736,5
2737,1000
2738,7.5
2739,10
2740,2
2741,10((10)/(28))
2742,3.7
2743,917
2744,40
2745,45
2746,14
2747,23((1)/(3))
2748,600
2749,256
2750,26
2751,14
2752,1000
2753,0.2
2754,6
2755,120
2756,1.26
2757,200
2758,108
2759,160
2760,2000
2761,855
2762,240
2763,432
2764,115((5)/(26))
2765,20.8
2766,10
2767,4
2768,419
2769,2
2770,10
2771,9230400
2772,6
2773,30
2774,350
2775,24
2776,6
2777,14
2778,37.5
2779,270
2780,10((2)/(3))
2781,27
2782,9.3
2783,10
2784,375
2785,7((2)/(3))
2786,980
2787,48
2788,200
2789,12
2790,6
2791,3
2792,36
2793,1.333...
2794,3
2795,100
2796,69.7
2797,6
2798,((5)/(7))
2799,7
2800,3
2801,440
2802,6
2803,100000
2804,6174
2805,246
2806,105
2807,15
2808,12
2809,16((2)/(3))
2810,1507.2
2811,1344
2812,120
2813,15
2814,150.72
2815,0.5
2816,12
2817,10000
2818,196
2819,120
2820,3.14
2821,130
2822,4800
2823,36
2824,2
2825,70
2826,3440
2827,2.3
2828,250
2829,32
2830,5((5)/(7))
2831,17
2832,1
2833,26
2834,348
2835,6
2836,19
2837,920
2838,450
2839,33.33%
2840,4.5
2841,102
2842,30
2843,13
2844,380
2845,235.944
2846,15
2847,30
2848,141.3
2849,846
2850,9
2851,16
2852,108
2853,100
2854,26
2855,10%
2856,4
2857,28
2858,3
2859,10
2860,5500
2861,312
2862,7
2863,24.3
2864,16
2865,16
2866,9
2867,50
2868,4.71
2869,1000
2870,280
2871,0.6375
2872,1188
2873,3.6
2874,50.24
2875,((3)/(4))
2876,6
2877,35%
2878,910
2879,32
2880,5.2
2881,7200
2882,96%
2883,30
2884,80
2885,1.125
2886,8
2887,1256
2888,1340
2889,5024
2890,1655
2891,270
2892,2
2893,160
2894,300
2895,2.857%
2896,10
2897,121
2898,2370
2899,1375
2900,1
2901,527
2902,53
2903,8((2)/(3))
2904,15
2905,132
2906,23
2907,1200
2908,50.24
2909,280
2910,21
2911,11
2912,505
2913,66
2914,4
2915,160
2916,15((2)/(3))
2917,150.72
2918,45
2919,379
2920,200
2921,24
2922,128
2923,6600
2924,((4)/(5))
2925,0.08
2926,11865
2927,6
2928,609
2929,8
2930,132000
2931,16
2932,2005
2933,23((1)/(4))
2934,4
2935,125.6
2936,30
2937,78.5
2938,6
2939,985
2940,27000
2941,326
2942,376.8
2943,144
2944,12
2945,2260.8
2946,12
2947,314
2948,498
2949,840
2950,36
2951,3.63
2952,124
2953,40
2954,200
2955,16875
2956,10
2957,2
2958,36
2959,10
2960,4
2961,30
2962,41
2963,100
2964,4
2965,50
2966,8
2967,135
2968,60
2969,140
2970,24
2971,22.7
2972,150
2973,1
2974,5.6
2975,12
2976,8
2977,125.6
2978,180
2979,10
2980,51
2981,94.6%
2982,10
2983,240
2984,220
2985,173
2986,1.68
2987,4
2988,181
2989,3
2990,5.6
2991,1.6
2992,49.38
2993,1300.8
2994,1400
2995,88
2996,400
2997,125
2998,18
2999,2
3000,50
3001,240
3002,87
3003,62.8
3004,0.12
3005,25
3006,30
3007,53
3008,126
3009,113.04
3010,110.9
3011,0.99
3012,5.024
3013,1281
3014,6.28
3015,1000
3016,18
3017,100
3018,100
3019,135
3020,50
3021,40
3022,40
3023,150
3024,15
3025,100
3026,121
3027,16000
3028,2400
3029,0.001
3030,0.45
3031,742
3032,24
3033,3.6
3034,8
3035,70
3036,140
3037,5
3038,15%
3039,20000
3040,276.4
3041,20%
3042,10
3043,3
3044,5
3045,15
3046,748
3047,1680
3048,8
3049,8
3050,3.4
3051,252
3052,50
3053,5
3054,10.5
3055,135
3056,400
3057,4
3058,298.4
3059,537.6
3060,2000
3061,1248
3062,50.24
3063,28.26
3064,19
3065,60
3066,1500
3067,60
3068,140
3069,2500
3070,120
3071,354
3072,50%
3073,82
3074,4.3
3075,240
3076,160
3077,13552
3078,80
3079,56.25
3080,67.5
3081,112
3082,2512
3083,0.508
3084,12
3085,54
3086,1750
3087,20
3088,6
3089,22
3090,98%
3091,92
3092,18
3093,45
3094,113.1
3095,120.8
3096,125.5
3097,12000000
3098,157
3099,30000
3100,2.38
3101,((1)/(4))
3102,98
3103,26.4
3104,72
3105,30
3106,54
3107,1650
3108,50
3109,1
3110,2000
3111,360
3112,192
3113,160
3114,470
3115,0.6
3116,1400
3117,240
3118,9
3119,45
3120,100.48
3121,144
3122,1050
3123,16
3124,20
3125,160
3126,3100
3127,70
3128,3
3129,400
3130,3250
3131,99
3132,10
3133,8.5
3134,1000
3135,48
3136,132.78
3137,98.66
3138,640
3139,120
3140,97.5%
3141,6000
3142,2
3143,18
3144,((2)/(250))
3145,436
3146,1
3147,62.5
3148,1.1
3149,40
3150,50
3151,100
3152,2
3153,75
3154,2.2
3155,1.2
3156,2.4
3157,1.2
3158,120
3159,4
3160,28000
3161,49
3162,1440
3163,20%
3164,1.44
3165,64
3166,90
3167,26
3168,94
3169,7
3170,20
3171,40
3172,32
3173,19
3174,77
3175,140
3176,1533
3177,43
3178,648
3179,48
3180,2700
3181,36.3
3182,5.6
3183,0.7
3184,720
3185,180
3186,5.5
3187,131
3188,855
3189,75
3190,72
3191,133.5
3192,82
3193,60
3194,720
3195,30
3196,52
3197,6400
3198,1800
3199,510
3200,70
3201,105((1)/(5))
3202,900
3203,4800
3204,364
3205,2
3206,490
3207,50%
3208,97
3209,75
3210,120
3211,4.4
3212,72
3213,8
3214,9
3215,75
3216,1((3)/(5))
3217,400
3218,24
3219,130
3220,11
3221,8
3222,15
3223,210
3224,360
3225,175
3226,160
3227,3
3228,1.25
3229,8
3230,2520
3231,384
3232,360
3233,122
3234,43
3235,2820
3236,864
3237,3250
3238,175
3239,55
3240,60
3241,9300
3242,1158
3243,1160
3244,1600
3245,50
3246,1820
3247,372
3248,2080
3249,3600
3250,280
3251,78
3252,300
3253,1200
3254,30
3255,1800
3256,25
3257,3
3258,8
3259,4
3260,1620
3261,8
3262,6
3263,24
3264,3
3265,7
3266,8
3267,480
3268,55
3269,186
3270,225
3271,24
3272,25
3273,7
3274,75
3275,336
3276,180
3277,35
3278,305
3279,625
3280,784
3281,5188
3282,7
3283,234
3284,1208
3285,4.6
3286,9
3287,11
3288,18
3289,5400
3290,210
3291,196
3292,120
3293,10
3294,50
3295,31
3296,43
3297,200
3298,1000
3299,105
3300,12
3301,27
3302,252
3303,121
3304,109
3305,11
3306,447
3307,477
3308,103
3309,39
3310,56
3311,660
3312,84
3313,9
3314,31
3315,15
3316,63
3317,315
3318,362
3319,2
3320,220
3321,54
3322,605
3323,21
3324,8640
3325,60
3326,200
3327,7500
3328,1425
3329,72
3330,80
3331,90
3332,250
3333,2160
3334,420
3335,40
3336,199
3337,31
3338,56
3339,576
3340,200
3341,734
3342,95
3343,4
3344,547
3345,20
3346,100
3347,15
3348,2400
3349,180
3350,32
3351,13
3352,13
3353,48
3354,39
3355,2570
3356,784
3357,130
3358,60
3359,86
3360,110
3361,520
3362,216
3363,504
3364,45
3365,60
3366,39
3367,300
3368,121
3369,10
3370,13500
3371,5250
3372,1136
3373,880
3374,661
3375,100
3376,12
3377,910
3378,3
3379,256
3380,27
3381,1049
3382,105
3383,227
3384,1116
3385,66
3386,25
3387,15
3388,24
3389,25
3390,98
3391,432
3392,960
3393,60
3394,40
3395,130
3396,24
3397,25
3398,40
3399,100
3400,845
3401,80
3402,36
3403,52
3404,20
3405,46
3406,202
3407,200
3408,20
3409,16
3410,1
3411,5
3412,216
3413,4185
3414,499
3415,285
3416,5
3417,5
3418,16
3419,990
3420,26
3421,120
3422,552
3423,8480
3424,1644
3425,3
3426,6240
3427,432
3428,10
3429,25
3430,3
3431,38
3432,1907
3433,9
3434,121
3435,33.64
3436,5
3437,15
3438,30
3439,87
3440,0.06
3441,390
3442,52.5
3443,7
3444,1995
3445,63
3446,400
3447,7
3448,75
3449,96
3450,1400
3451,144
3452,5200
3453,5
3454,2030
3455,98
3456,14
3457,2.857...
3458,30
3459,10
3460,65
3461,3
3462,15
3463,336
3464,5
3465,3
3466,180
3467,180
3468,57.9
3469,300
3470,5.4
3471,15
3472,12.4
3473,700
3474,11
3475,5100
3476,23
3477,25
3478,8
3479,600
3480,360
3481,2.5
3482,40
3483,63
3484,800
3485,64
3486,12
3487,72
3488,288
3489,145
3490,20
3491,576
3492,12
3493,882
3494,100
3495,15
3496,((64)/(9))
3497,5.4
3498,1.14
3499,20
3500,6
3501,16
3502,10
3503,800
3504,4000
3505,3120
3506,3
3507,60
3508,145
3509,3840
3510,300
3511,420
3512,12.5
3513,375
3514,21.75
3515,5760
3516,344
3517,18
3518,6.25
3519,3500
3520,192
3521,8
3522,24
3523,5
3524,57
3525,1250
3526,300
3527,72
3528,4
3529,38
3530,41.4
3531,((3)/(7))
3532,23.3
3533,350
3534,0.2
3535,5
3536,9((3)/(4))
3537,6
3538,192
3539,276
3540,50
3541,2400
3542,12180
3543,2600
3544,6
3545,5
3546,20
3547,1494
3548,588
3549,2000
3550,8((3)/(4))
3551,75
3552,15
3553,4050
3554,205
3555,720
3556,294
3557,9
3558,4
3559,500
3560,428
3561,1400
3562,800
3563,8
3564,380
3565,174.4
3566,44
3567,471
3568,1488
3569,2000
3570,11.5
3571,6
3572,16
3573,35
3574,42
3575,8800
3576,46
3577,1
3578,24
3579,25
3580,4200
3581,76
3582,74
3583,44
3584,337.5
3585,40((7)/(9))
3586,80
3587,5580
3588,6480
3589,89
3590,4500
3591,40
3592,24
3593,13
3594,13
3595,2016
3596,147
3597,6
3598,23
3599,5
3600,184
3601,90080
3602,74
3603,877
3604,1500
3605,640
3606,40
3607,15
3608,21
3609,((30)/(13))
3610,5
3611,25
3612,635.4
3613,441
3614,945
3615,8
3616,528
3617,112
3618,2.56
3619,155
3620,432
3621,4((11)/(20))
3622,450
3623,121
3624,5
3625,3600
3626,102
3627,16
3628,1080
3629,2925
3630,600
3631,920
3632,660
3633,13000
3634,3650
3635,125
3636,140
3637,513
3638,14((2)/(27))
3639,280
3640,316
3641,6
3642,108
3643,3180
3644,20.775
3645,23((1)/(4))
3646,18
3647,2450
3648,2
3649,330
3650,20
3651,3
3652,48
3653,250
3654,162
3655,31((7)/(9))
3656,133
3657,103.5
3658,70
3659,1182
3660,24
3661,3300
3662,0.75
3663,75
3664,3
3665,566
3666,98
3667,45
3668,485
3669,560
3670,2880
3671,1488
3672,13
3673,40
3674,26.5
3675,768
3676,10325
3677,0.12
3678,0.3
3679,5880
3680,168
3681,700
3682,16
3683,6
3684,9.75
3685,680
3686,1536
3687,400
3688,1000
3689,384
3690,75
3691,5
3692,2
3693,39((1)/(9))
3694,1118
3695,504
3696,((20)/(36))
3697,3
3698,1500
3699,212
3700,1632
3701,240
3702,880
3703,4
3704,1350
3705,5
3706,4500
3707,120
3708,9
3709,44
3710,6
3711,104
3712,18090
3713,48
3714,2400
3715,570
3716,10000
3717,509
3718,14
3719,684
3720,13
3721,318
3722,705
3723,72
3724,161250
3725,7
3726,40
3727,80
3728,11
3729,40
3730,1250
3731,84
3732,80
3733,476
3734,534
3735,450
3736,107
3737,3820
3738,608
3739,14000
3740,423
3741,600
3742,728
3743,4590
3744,35
3745,450
3746,212
3747,8
3748,300
3749,30
3750,2700
3751,120
3752,25
3753,288
3754,1176
3755,720
3756,59
3757,80
3758,3360
3759,5000
3760,558
3761,104
3762,80
3763,6
3764,0.3
3765,11
3766,6
3767,2210
3768,300
3769,None
3770,49
3771,2160
3772,108
3773,7
3774,630
3775,11.5
3776,20000
3777,255
3778,76465
3779,3
3780,552
3781,14.4
3782,11((1)/(9))
3783,175
3784,56
3785,16
3786,23300
3787,68
3788,276
3789,569
3790,0.65
3791,3430
3792,114
3793,65
3794,200
3795,93.6
3796,24
3797,18
3798,102
3799,847
3800,1100
3801,52
3802,7560
3803,3
3804,9
3805,84
3806,1671
3807,4400
3808,54
3809,13
3810,810
3811,96
3812,60
3813,125
3814,900
3815,20
3816,497
3817,5
3818,45
3819,36
3820,10850
3821,40
3822,36
3823,20
3824,120
3825,5
3826,144
3827,120
3828,2160
3829,1770
3830,1
3831,43.2
3832,112000
3833,13((1)/(3))
3834,18
3835,75
3836,768
3837,8
3838,45
3839,2970
3840,129600
3841,1232
3842,192
3843,1031
3844,1
3845,6
3846,7((1)/(3))
3847,576
3848,15
3849,6050
3850,120
3851,4096
3852,500
3853,54
3854,2520
3855,50
3856,96
3857,216
3858,455
3859,75
3860,960
3861,96
3862,140
3863,1440
3864,468
3865,3900
3866,1680
3867,375
3868,368
3869,5000
3870,10
3871,40
3872,28
3873,1120
3874,20.25
3875,5760
3876,54
3877,120
3878,520
3879,40
3880,7.056
3881,2
3882,36
3883,130
3884,29
3885,125
3886,216
3887,80
3888,80
3889,1200
3890,144
3891,1048576
3892,1.44
3893,108
3894,3
3895,36
3896,270
3897,9
3898,11((1)/(6))
3899,5
3900,99
3901,28
3902,40
3903,2800
3904,2
3905,40
3906,144
3907,168
3908,16
3909,1.62
3910,410
3911,6
3912,91
3913,140
3914,18234
3915,5040
3916,450
3917,40
3918,3360
3919,312
3920,140
3921,730
3922,2100
3923,15
3924,200
3925,10
3926,3
3927,240
3928,225
3929,3
3930,1444
3931,4.08
3932,20
3933,90
3934,95
3935,25
3936,1488
3937,21
3938,651
3939,10440
3940,396
3941,1247
3942,5
3943,768
3944,78
3945,8
3946,222
3947,2
3948,120
3949,9
3950,345
3951,420
3952,2
3953,324
3954,462
3955,200
3956,682
3957,30
3958,6
3959,15
3960,100
3961,18
3962,8
3963,375
3964,442
3965,144
3966,2.4
3967,28
3968,192
3969,24
3970,4
3971,65
3972,45
3973,422
3974,60
3975,40
3976,7
3977,40
3978,24
3979,11((1)/(2))
3980,12
3981,1375
3982,7
3983,1350
3984,40
3985,1085((1)/(3))
3986,51
3987,2.5
3988,768
3989,20
3990,1440
3991,2
3992,30600
3993,71
3994,600
3995,13
3996,18
3997,46
3998,600
3999,1
4000,51
4001,20
4002,1505
4003,1744
4004,2402
4005,48
4006,84
4007,55
4008,920
4009,144
4010,320
4011,1.5625
4012,2520
4013,9
4014,135
4015,50
4016,20
4017,194
4018,8.5
4019,17.4
4020,9
4021,3.24
4022,8
4023,200
4024,520
4025,200
4026,3002
4027,12
4028,400
4029,4
4030,40
4031,18
4032,60
4033,960
4034,27
4035,8
4036,4.125
4037,221.4
4038,1814
4039,121.9
4040,36.7
4041,500
4042,100
4043,790
4044,12
4045,200
4046,2400
4047,120000
4048,88
4049,324
4050,216
4051,8
4052,200
4053,18
4054,72
4055,90
4056,12
4057,250
4058,234
4059,22
4060,240
4061,3000
4062,48
4063,645
4064,5
4065,16
4066,152
4067,880
4068,20
4069,1008
4070,12
4071,1200
4072,39
4073,176
4074,1400
4075,182
4076,30
4077,6
4078,16.25
4079,1250
4080,None
4081,184
4082,965
4083,1728
4084,9
4085,180
4086,122
4087,1442
4088,1200
4089,11
4090,56
4091,930
4092,115
4093,20
4094,9600
4095,3284
4096,1
4097,3
4098,227.8
4099,2040
4100,55
4101,100
4102,800
4103,95
4104,30
4105,1504
4106,10
4107,576
4108,89
4109,3.3
4110,2
4111,((6)/(5))
4112,5
4113,37
4114,4060
4115,90
4116,7((5)/(7))
4117,12
4118,12
4119,690
4120,24
4121,4
4122,20
4123,8
4124,6
4125,70
4126,5000
4127,1065
4128,92
4129,75
4130,0.009
4131,702
4132,995
4133,26.2
4134,226
4135,12.3
4136,456
4137,9
4138,6
4139,0.16
4140,50
4141,360
4142,2880
4143,810
4144,1112
4145,240
4146,92
4147,14
4148,11
4149,1163
4150,230
4151,30
4152,5
4153,484
4154,647
4155,6
4156,35
4157,428
4158,23
4159,9
4160,1.25
4161,120
4162,3140
4163,3520
4164,70
4165,288
4166,19
4167,390
4168,5
4169,10
4170,12096
4171,18.375
4172,441.6
4173,14400
4174,1728
4175,320
4176,16
4177,144
4178,157.68
4179,17.5
4180,80
4181,12
4182,100
4183,173
4184,256
4185,11.1
4186,5
4187,0
4188,4
4189,4
4190,48
4191,16
4192,150
4193,3
4194,40%
4195,56.52
4196,100
4197,96
4198,50.24
4199,27
4200,1560
4201,219
4202,103%
4203,8
4204,12.56
4205,18750
4206,9
4207,610
4208,136
4209,880
4210,97
4211,6
4212,145.5
4213,15
4214,26
4215,48
4216,4
4217,60
4218,75
4219,1050
4220,10
4221,120
4222,28
4223,384
4224,50
4225,321.04
4226,2
4227,200
4228,42
4229,188.4
4230,30
4231,8
4232,6.28
4233,12.5%
4234,18.84
4235,30
4236,28
4237,1080
4238,4
4239,55
4240,50
4241,30
4242,200
4243,283((1)/(3))
4244,59.55
4245,640
4246,700
4247,36
4248,440
4249,((2)/(3))
4250,3.5
4251,39
4252,900
4253,7.15
4254,19200000
4255,2
4256,32
4257,0
4258,190
4259,20
4260,9
4261,548
4262,86
4263,738
4264,288
4265,8
4266,0.9
4267,40
4268,121
4269,25.7
4270,40000
4271,52
4272,18
4273,84
4274,64
4275,540
4276,2880
4277,140
4278,30
4279,5472
4280,318
4281,109.9
4282,((3)/(8))
4283,50
4284,27
4285,900
4286,37
4287,2700
4288,84
4289,500320
4290,4
4291,15
4292,11
4293,5855
4294,0.5
4295,144
4296,8
4297,318
4298,5600
4299,80
4300,13
4301,54
4302,720
4303,175
4304,260
4305,10
4306,26
4307,76
4308,7
4309,12
4310,75
4311,3600
4312,30
4313,144
4314,20%
4315,10%
4316,2646
4317,105
4318,0.475
4319,18
4320,209
4321,4
4322,255
4323,18
4324,9
4325,75.36
4326,51.26
4327,2
4328,60
4329,0.8
4330,64
4331,2888
4332,6
4333,288
4334,336
4335,200
4336,64
4337,39.2
4338,32
4339,32
4340,((4)/(50))
4341,485
4342,18
4343,3600
4344,120
4345,4.89
4346,40%
4347,25.4
4348,20%
4349,5((5)/(11))
4350,8
4351,300
4352,6
4353,24
4354,3
4355,3
4356,2
4357,88
4358,1.3
4359,18
4360,10
4361,3((3)/(4))
4362,2
4363,8
4364,625
4365,16.875
4366,100
4367,1((11)/(15))
4368,1050
4369,12
4370,72
4371,150000
4372,20
4373,18
4374,4
4375,((3)/(5))
4376,55
4377,117.756
4378,50
4379,18
4380,18.84
4381,100
4382,70
4383,45
4384,228
4385,60
4386,60
4387,1.8
4388,50
4389,58
4390,2000
4391,1568
4392,2.5
4393,3.2
4394,9
4395,6400
4396,6400
4397,12000
4398,6
4399,2
4400,15
4401,800
4402,192
4403,25
4404,60
4405,24
4406,48
4407,16.8
4408,14
4409,7
4410,9
4411,30.72
4412,32
4413,426
4414,318
4415,40
4416,11((11)/(12))
4417,80
4418,1000
4419,270
4420,9
4421,75
4422,12((2)/(3))
4423,1
4424,0.024
4425,3840
4426,12600
4427,12600
4428,150.72
4429,16
4430,51.96
4431,20
4432,((1)/(12))
4433,80
4434,2
4435,4800
4436,25
4437,9
4438,6.28
4439,12.56
4440,10((5)/(7))
4441,2000
4442,4%
4443,282600
4444,420
4445,43
4446,8
4447,90
4448,12.56
4449,125.6
4450,113.04
4451,3
4452,50.24
4453,40
4454,51840
4455,24
4456,945
4457,13
4458,3
4459,84
4460,216
4461,157.04
4462,100
4463,120.42
4464,123.94
4465,28.26
4466,28.26
4467,19.7132
4468,54
4469,840
4470,720
4471,450
4472,56.52
4473,0.16
4474,12900
4475,141.36
4476,48
4477,20
4478,240
4479,120
4480,1.5
4481,630
4482,75.36
4483,300
4484,240
4485,150
4486,4608
4487,17.27
4488,5
4489,50.24
4490,31.4
4491,1.5
4492,62.8
4493,5
4494,1000
4495,11
4496,6.28
4497,22.608
4498,685.5
4499,40
4500,76.5
4501,205
4502,3
4503,420
4504,25.12
4505,50%
4506,70.64
4507,12.56
4508,12.56
4509,1844
4510,25
4511,52
4512,24
4513,0.875
4514,((5)/(13))
4515,12
4516,37.68
4517,986.64
4518,62.8
4519,34
4520,((2)/(9))
4521,9
4522,1650
4523,8.84
4524,25.84
4525,1984.32
4526,784.32
4527,192
4528,400
4529,600
4530,6
4531,37.5
4532,5000
4533,6
4534,200
4535,3600
4536,105
4537,18.84
4538,0.5
4539,226.0
4540,2300
4541,4
4542,5024
4543,28.26
4544,113040
4545,68.6
4546,4800000
4547,52
4548,3168
4549,50
4550,47.1
4551,300%
4552,7.84
4553,6
4554,3.4
4555,36
4556,160.14
4557,94.2
4558,76
4559,45
4560,0.63
4561,31.98
4562,0.9
4563,10
4564,5.5
4565,3000
4566,250
4567,47.1
4568,314
4569,98%
4570,2.4
4571,126π
4572,2
4573,31.4
4574,125.6
4575,0.4
4576,15
4577,2012.8
4578,80
4579,0.64
4580,4
4581,18.84
4582,60
4583,0.8*3.14,answer:2.608
4584,17
4585,6.28
4586,12.56
4587,((4)/(25))
4588,2800
4589,2400
4590,20
4591,4
4592,40
4593,1023.4
4594,2.2
4595,4
4596,6
4597,6
4598,14
4599,189
4600,1235.6
4601,1256
4602,20
4603,250
4604,5.024
4605,3.14
4606,1117.9
4607,63.84
4608,((1)/(5))
4609,3979.81
4610,100
4611,6.28
4612,78.5
4613,62.8
4614,17.5
4615,9.42
4616,0.8
4617,1884
4618,240
4619,235.94
4620,50.24
4621,91%
4622,12
4623,600
4624,5.02
4625,666((1)/(3))
4626,32
4627,28.26
4628,100
4629,3.75
4630,29.2
4631,0.1125
4632,73.76
4633,13
4634,21
4635,1
4636,26
4637,21.98
4638,10
4639,42
4640,91
4641,0.3476
4642,6.28
4643,31.4
4644,3450
4645,5500
4646,1.3
4647,64
4648,3
4649,196
4650,31.4
4651,31((1)/(3))
4652,2400
4653,189.25
4654,1000
4655,0.314
4656,1890
4657,144
4658,20
4659,8.4
4660,113.97
4661,15300000
4662,87.92
4663,42
4664,18.84
4665,71.4
4666,6
4667,3.14*1^2
4668,1
4669,7850
4670,32
4671,251.2
4672,18
4673,140
4674,56
4675,3
4676,197.06
4677,16%
4678,23.3
4679,1130.92
4680,30
4681,((39)/(56))
4682,25%
4683,16
4684,942
4685,2
4686,((3)/(4))
4687,250
4688,900
4689,((13)/(25))
4690,2.4
4691,13
4692,75
4693,113.04
4694,15.7
4695,88.88
4696,60
4697,0.9
4698,95
4699,15.7
4700,1117.75
4701,100.48
4702,1
4703,10
4704,5
4705,((9)/(4))
4706,750
4707,63
4708,531
4709,76
4710,20%
4711,315
4712,230.4
4713,112
4714,230.4
4715,2.22
4716,32.8
4717,188.4
4718,720
4719,84.1
4720,((1)/(3))
4721,562
4722,894
4723,0.525
4724,9.42
4725,37.68
4726,27
4727,20
4728,157
4729,60
4730,1.2
4731,360
4732,3750
4733,36
4734,12320
4735,157.92
4736,192
4737,15
4738,0.15
4739,1600
4740,25.12
4741,27.28
4742,0.002
4743,10.048
4744,564
4745,785
4746,25
4747,44
4748,251.2+157.0784
4749,314
4750,90
4751,2
4752,2.82
4753,360
4754,1200
4755,9600
4756,6.28
4757,54
4758,1
4759,13333((1)/(3))
4760,49.28
4761,4
4762,6.84
4763,2
4764,2.02
4765,1380
4766,1884
4767,1256
4768,1
4769,100.48
4770,157
4771,4
4772,12.597
4773,2.1
4774,100
4775,5
4776,251.2
4777,23.55
4778,12.5%
4779,56.52
4780,37.68
4781,75.36
4782,20
4783,192
4784,576
4785,7850
4786,600
4787,0.06
4788,10
4789,2.467
4790,30
4791,47400
4792,240.1
4793,1256
4794,80
4795,50.24
4796,1413
4797,7.7
4798,180
4799,56.52
4800,785
4801,1256
4802,0.5
4803,0.8
4804,15
4805,552.64
4806,6398
4807,94.2
4808,188.4
4809,12270840
4810,9.42
4811,1884
4812,62.8
4813,1000
4814,100
4815,216
4816,18%
4817,((11)/(40))
4818,1
4819,4100
4820,((3)/(8))
4821,986.95
4822,7.749
4823,8.5
4824,0.98
4825,300
4826,24000
4827,120000
4828,1.224
4829,1.236
4830,314
4831,997.92
4832,668
4833,1
4834,250
4835,80
4836,7.068
4837,11.178
4838,100
4839,18.84
4840,5
4841,500000
4842,3600
4843,55
4844,5
4845,500
4846,8
4847,4
4848,696
4849,40
4850,1.6
4851,18
4852,15
4853,353
4854,((8)/(15))
4855,40
4856,180
4857,2340
4858,55
4859,((1)/(30))
4860,3
4861,157
4862,4.8
4863,1.0466666...
4864,6
4865,12.56
4866,15
4867,8
4868,840
4869,85
4870,84
4871,((40)/(9))
4872,50
4873,150720
4874,301440
4875,251.2
4876,314
4877,251.2
4878,512000
4879,((3)/(5))
4880,28.26
4881,8
4882,5
4883,((1)/(5))
4884,((1)/(15))
4885,60
4886,24
4887,5
4888,21
4889,14
4890,1.5
4891,40
4892,40
4893,1800
4894,250
4895,6
4896,62.5
4897,81
4898,2
4899,8
4900,90
4901,33
4902,26
4903,896
4904,77.0
4905,28.26
4906,10
4907,2
4908,400
4909,20
4910,12
4911,28.26
4912,11.5
4913,4
4914,1
4915,9
4916,57
4917,36
4918,15
4919,375
4920,4
4921,765
4922,9.4
4923,2
4924,60
4925,27
4926,1000
4927,915
4928,24
4929,9
4930,120
4931,12.5
4932,4.5
4933,0.8
4934,31.5
4935,5
4936,36
4937,((5)/(4))
4938,((14)/(17))
4939,5
4940,18
4941,21
4942,4
4943,90
4944,67.5
4945,40
4946,1
4947,157
4948,9
4949,6
4950,14
4951,2
4952,30
4953,6
4954,48
4955,((1)/(5))
4956,56
4957,12.25
4958,3
4959,50.24
4960,37.68
4961,90
4962,14%
4963,15
4964,1.5
4965,50
4966,83
4967,172
4968,52
4969,62
4970,72
4971,54
4972,68
4973,43
4974,18
4975,63
4976,21
4977,18
4978,17
4979,7
4980,56
4981,9
4982,84
4983,56
4984,63
4985,18
4986,16
4987,24
4988,27
4989,12
4990,35
4991,18
4992,4
4993,5
4994,6
4995,28
4996,4
4997,2((2)/(3))
4998,94
4999,45
5000,36
5001,27
5002,32
5003,56
5004,78
5005,125
5006,34
5007,17
5008,8
5009,3
5010,24
5011,47
5012,8
5013,5
5014,8
5015,4
5016,5
5017,6
5018,26
5019,8
5020,8
5021,28
5022,47
5023,6
5024,9
5025,47
5026,81
5027,27
5028,28
5029,20
5030,20
5031,46
5032,40
5033,27
5034,17
5035,10
5036,2
5037,11
5038,38
5039,48
5040,4
5041,10
5042,25
5043,31
5044,62
5045,19
5046,20
5047,4
5048,9
5049,18
5050,17
5051,6
5052,11
5053,25
5054,17
5055,91
5056,35
5057,90
5058,56
5059,26
5060,81
5061,4
5062,55
5063,55
5064,7
5065,18
5066,30
5067,89
5068,100
5069,80
5070,3
5071,51
5072,88
5073,16
5074,24
5075,57
5076,26
5077,8
5078,42
5079,21
5080,27
5081,30
5082,31
5083,16
5084,7
5085,56
5086,24
5087,24
5088,12
5089,33
5090,28
5091,16
5092,24
5093,23
5094,8
5095,6
5096,8
5097,16
5098,15
5099,18
5100,8
5101,18
5102,6
5103,15
5104,40
5105,18
5106,33
5107,21
5108,23
5109,20
5110,180
5111,21
5112,8
5113,27
5114,46
5115,30
5116,3
5117,70
5118,400
5119,24
5120,23
5121,2400
5122,600
5123,6
5124,4420
5125,42
5126,32
5127,30
5128,490
5129,10
5130,13
5131,1250
5132,276
5133,96
5134,45
5135,30
5136,21
5137,3
5138,60
5139,99.3
5140,25.12
5141,3.14
5142,4.875
5143,1620
5144,4
5145,1.6
5146,50
5147,5000
5148,1119.2
5149,156
5150,1286
5151,43
5152,320
5153,376.8
5154,14.58
5155,3500
5156,70.65
5157,45
5158,1100
5159,240
5160,40
5161,255
5162,401
5163,34
5164,500
5165,10
5166,24
5167,720
5168,36
5169,1119
5170,357
5171,10
5172,1.008
5173,1200
5174,6
5175,60
5176,30
5177,12
5178,1360.48
5179,22.5
5180,28
5181,1
5182,5000
5183,60
5184,100
5185,2
5186,1850
5187,1580
5188,14
5189,1300000000
5190,3
5191,16((4)/(9))
5192,36
5193,8
5194,91
5195,240
5196,100
5197,20
5198,16
5199,0.9
5200,960
5201,0.048
5202,9
5203,14
5204,108
5205,36.3
5206,5
5207,125
5208,10
5209,2.13
5210,60
5211,((120)/(23))
5212,2200
5213,20000
5214,40
5215,15.68
5216,1
5217,10.0976
5218,59
5219,57.7
5220,360
5221,9
5222,40
5223,80
5224,9600
5225,36
5226,75
5227,8
5228,40
5229,2000
5230,126.96
5231,12
5232,27.3
5233,28
5234,3360
5235,11200
5236,931.2
5237,6.28
5238,8
5239,36
5240,1
5241,2300
5242,600
5243,28.26
5244,1066((2)/(3))
5245,64
5246,45
5247,26
5248,94
5249,6
5250,8
5251,20
5252,40
5253,32
5254,19
5255,77
5256,5.6
5257,10
5258,900
5259,55
5260,33
5261,8500
5262,34
5263,500
5264,0.10
5265,5
5266,10
5267,116.25
5268,3060
5269,7
5270,20
5271,10
5272,6
5273,36
5274,600
5275,64
5276,150
5277,164
5278,37%
5279,4560
5280,21
5281,3.2
5282,72
5283,1680
5284,80
5285,135920
5286,50.24
5287,31.4
5288,10.5
5289,60
5290,110
5291,120
5292,14705
5293,601
5294,5
5295,384
5296,10
5297,3
5298,13.5
5299,1800
5300,4200
5301,800
5302,140
5303,7.5
5304,120
5305,306
5306,24
5307,100
5308,4000
5309,400
5310,213.5
5311,12.64
5312,9
5313,26
5314,28
5315,31.4
5316,216
5317,40
5318,160
5319,202
5320,2900
5321,32
5322,48
5323,3.14
5324,153.9
5325,90
5326,50
5327,36
5328,20
5329,22500
5330,2000
5331,32
5332,10000
5333,200
5334,36
5335,7200
5336,120
5337,224
5338,51
5339,50
5340,114.4
5341,200
5342,45
5343,384
5344,81.36
5345,2.56
5346,10
5347,108
5348,14
5349,250
5350,1920
5351,2200
5352,32640
5353,2600
5354,3
5355,1200
5356,20
5357,480
5358,70
5359,6
5360,15700
5361,1.5
5362,7
5363,280
5364,10
5365,1500
5366,200
5367,22.5
5368,31400
5369,0.392
5370,768
5371,3
5372,20000
5373,1620
5374,8
5375,250
5376,150
5377,10
5378,2535
5379,200
5380,0.5
5381,45
5382,400
5383,3984
5384,147
5385,60
5386,14
5387,800
5388,1
5389,27
5390,11
5391,6160000
5392,4.2
5393,34
5394,0.8
5395,1.6
5396,125
5397,20000
5398,340
5399,50
5400,2275
5401,500
5402,14
5403,18.9
5404,24
5405,10.512
5406,182
5407,160
5408,210000
5409,117
5410,30
5411,80
5412,24.5
5413,89
5414,392.5
5415,59893.2
5416,114
5417,1008
5418,480
5419,1380
5420,480
5421,10
5422,1000000
5423,90
5424,0.88
5425,0.9
5426,25
5427,8
5428,60
5429,900
5430,432
5431,68
5432,333((1)/(3))
5433,65
5434,0.0004
5435,80
5436,720
5437,3
5438,3600
5439,4
5440,384
5441,32
5442,60
5443,36
5444,45
5445,0.2
5446,38
5447,2.9
5448,2.7
5449,15.6
5450,11.2
5451,40
5452,286.8
5453,1380
5454,288
5455,24
5456,0.08
5457,3360
5458,3.14
5459,250
5460,49
5461,3.14
5462,24
5463,123
5464,4.2
5465,200
5466,12
5467,3
5468,1.7
5469,26.75
5470,25
5471,1000
5472,1800
5473,180
5474,60
5475,5
5476,0.4
5477,30
5478,4000
5479,18000
5480,4800
5481,None
5482,6
5483,35
5484,35
5485,13.5
5486,520000
5487,104
5488,121
5489,20
5490,54
5491,45
5492,2
5493,53
5494,200
5495,42
5496,20
5497,6
5498,275
5499,3750
5500,6.4
5501,102
5502,9
5503,1260
5504,10500
5505,50
5506,1.5
5507,1500
5508,305
5509,160
5510,3
5511,840
5512,32
5513,6
5514,80
5515,20
5516,5000
5517,1200
5518,300
5519,5766
5520,0
5521,288
5522,3000
5523,2080
5524,45
5525,4
5526,420
5527,1100
5528,27.8
5529,1368
5530,52
5531,2000
5532,5295
5533,48
5534,6
5535,5.2
5536,5400
5537,450
5538,1.22
5539,120
5540,100
5541,90
5542,216
5543,52
5544,3
5545,18
5546,35.6
5547,73
5548,2
5549,144
5550,900
5551,600
5552,1560
5553,16
5554,2.5
5555,3300
5556,102
5557,235
5558,((1)/(12))
5559,12
5560,18000000
5561,300
5562,11700
5563,720
5564,12
5565,30
5566,6
5567,35
5568,8000
5569,60
5570,2060
5571,40
5572,221
5573,15850
5574,160
5575,5
5576,9
5577,19.94712
5578,7.75
5579,140
5580,40.8
5581,32
5582,60.6
5583,140
5584,120
5585,2
5586,130
5587,440
5588,30
5589,8
5590,0.75
5591,22500
5592,155
5593,1080
5594,100
5595,192
5596,308.5
5597,81
5598,3.5
5599,2700
5600,480
5601,4375
5602,1260
5603,43.2
5604,400
5605,37.5
5606,0
5607,19
5608,120
5609,1180
5610,33.6
5611,49
5612,0.176
5613,0.01
5614,62
5615,188.4
5616,3.14
5617,16560
5618,1.5
5619,173.7
5620,132
5621,1256
5622,98.55
5623,2
5624,112
5625,12
5626,5184
5627,280
5628,2700
5629,768
5630,250
5631,1109
5632,44
5633,2700
5634,40
5635,94.2
5636,15600
5637,239092
5638,30
5639,157
5640,37.5
5641,97.8
5642,2700
5643,120
5644,6
5645,150
5646,6
5647,18.84
5648,105
5649,120
5650,96
5651,88.8984
5652,540
5653,375
5654,0.5
5655,105
5656,100
5657,3
5658,1345
5659,4
5660,280
5661,20
5662,80
5663,((25)/(16))
5664,2.4
5665,128
5666,150
5667,200
5668,30
5669,3
5670,500
5671,2
5672,300
5673,60
5674,600
5675,502
5676,4650
5677,24
5678,42
5679,1500
5680,500
5681,50000
5682,471
5683,8
5684,60000
5685,28.26
5686,25
5687,696
5688,1199.712
5689,11250
5690,25
5691,2000
5692,13
5693,180
5694,120
5695,180
5696,225
5697,1600
5698,24
5699,486
5700,8.44
5701,15
5702,40
5703,20
5704,343
5705,80
5706,87.5
5707,600
5708,18.9
5709,13900
5710,19.85
5711,90
5712,64
5713,1600
5714,1.1
5715,22220
5716,113
5717,40
5718,192
5719,8
5720,945
5721,37.68
5722,20
5723,5
5724,945
5725,105
5726,16.2
5727,300
5728,undefined
5729,16
5730,9
5731,1400
5732,224
5733,98
5734,5698
5735,0.5
5736,113.04
5737,400
5738,3430
5739,45
5740,8
5741,6.4
5742,9((1)/(24))
5743,40
5744,600
5745,9000
5746,512
5747,32
5748,2000
5749,37.68
5750,702
5751,332
5752,300
5753,315
5754,232
5755,90
5756,142
5757,23
5758,140
5759,9
5760,25
5761,0.75
5762,200
5763,70
5764,35.4
5765,1.6
5766,1760
5767,28.8
5768,3000
5769,260
5770,5
5771,200
5772,22.088...
5773,300
5774,24
5775,800
5776,50
5777,300
5778,24
5779,9
5780,56
5781,10
5782,192
5783,6
5784,30
5785,1500
5786,190
5787,44
5788,11.275
5789,200
5790,110
5791,60
5792,20080
5793,8980
5794,40
5795,324
5796,420
5797,6
5798,400
5799,12.96
5800,612
5801,8
5802,250
5803,43.2
5804,3
5805,1
5806,30
5807,42.1
5808,60
5809,78
5810,12
5811,0.5
5812,14
5813,300
5814,255
5815,20.25
5816,90
5817,56
5818,2
5819,450
5820,7.2
5821,37.86
5822,6
5823,47
5824,28
5825,18
5826,20000
5827,3
5828,36
5829,23810
5830,2550
5831,280
5832,6500
5833,10((1)/(3))
5834,500
5835,1500
5836,31400
5837,4
5838,47.1
5839,6.28
5840,20
5841,4.8
5842,100
5843,1
5844,196
5845,91
5846,70
5847,9200
5848,140
5849,4.4
5850,17
5851,73.1
5852,31
5853,8640
5854,5
5855,9750
5856,8400
5857,4000
5858,2880
5859,24
5860,7
5861,0.8
5862,126.7
5863,660
5864,105
5865,1.1
5866,1620
5867,4
5868,((9)/(20))
5869,2.67
5870,15
5871,12
5872,200
5873,1.25
5874,45
5875,3.14
5876,28
5877,72
5878,1.5
5879,450
5880,28
5881,501
5882,27
5883,499
5884,24
5885,100
5886,12
5887,8.5
5888,222
5889,58
5890,50
5891,90
5892,39
5893,37.8
5894,1960
5895,32
5896,500
5897,0.6
5898,5340
5899,4
5900,1.5
5901,6
5902,12
5903,0.9
5904,58800
5905,358
5906,80
5907,7
5908,21
5909,7
5910,47
5911,9
5912,128
5913,33
5914,25
5915,9
5916,3
5917,6
5918,50
5919,60
5920,46
5921,8
5922,8
5923,18
5924,41
5925,42
5926,36
5927,10
5928,694
5929,1611
5930,5
5931,700
5932,6
5933,72
5934,42
5935,34
5936,41
5937,8
5938,6
5939,35
5940,12
5941,20
5942,10
5943,15
5944,15
5945,10
5946,10
5947,42
5948,164
5949,56
5950,3
5951,4
5952,12
5953,11
5954,9
5955,42
5956,21
5957,41
5958,82
5959,40
5960,20
5961,50
5962,18
5963,36
5964,16
5965,24
5966,16
5967,53
5968,41
5969,3
5970,72
5971,53
5972,4
5973,2
5974,5
5975,6
5976,28
5977,1
5978,2
5979,12
5980,3
5981,38
5982,9
5983,4
5984,22
5985,60
5986,9
5987,34
5988,17
5989,27
5990,10
5991,4
5992,16
5993,18
5994,18
5995,20
5996,6
5997,4
5998,8
5999,5
6000,9
6001,21
6002,6
6003,6
6004,26
6005,47
6006,6
6007,9
6008,47
6009,81
6010,21
6011,28
6012,20
6013,20
6014,46
6015,40
6016,27
6017,4
6018,2
6019,25
6020,31
6021,62
6022,19
6023,21
6024,4
6025,9
6026,18
6027,17
6028,3
6029,11
6030,25
6031,17
6032,91
6033,35
6034,90
6035,56
6036,26
6037,81
6038,55
6039,7
6040,100
6041,51
6042,88
6043,16
6044,24
6045,57
6046,26
6047,8
6048,26
6049,21
6050,20
6051,76
6052,161
6053,27
6054,15
6055,88
6056,51
6057,7
6058,16
6059,8
6060,81
6061,81
6062,134
6063,73
6064,24
6065,12
6066,23
6067,27
6068,23
6069,42
6070,19
6071,9
6072,24
6073,80
6074,34
6075,20
6076,4
6077,20
6078,3
6079,25
6080,6
6081,6
6082,22
6083,53
6084,41
6085,37
6086,51
6087,29
6088,24
6089,31
6090,40
6091,11
6092,84
6093,40
6094,44
6095,30
6096,20
6097,35
6098,45
6099,25
6100,8
6101,8
6102,14
6103,47
6104,10
6105,72
6106,34
6107,9
6108,6
6109,3
6110,18
6111,1
6112,23
6113,10
6114,7
6115,21
6116,27
6117,30
6118,31
6119,16
6120,7
6121,56
6122,32
6123,12
6124,33
6125,28
6126,16
6127,24
6128,23
6129,8
6130,6
6131,8
6132,16
6133,15
6134,18
6135,8
6136,18
6137,6
6138,15
6139,55
6140,18
6141,20
6142,82
6143,16
6144,27
6145,21
6146,8
6147,27
6148,46
6149,2
6150,4
6151,80
6152,68
6153,26
6154,20
6155,45
6156,2700
6157,139
6158,492
6159,798
6160,5
6161,448
6162,80
6163,5
6164,0.8
6165,0.4
6166,94
6167,1602
6168,528
6169,720
6170,151
6171,21
6172,4
6173,900
6174,30
6175,180
6176,35
6177,2400
6178,0.6
6179,7
6180,38
6181,27
6182,88
6183,432
6184,850
6185,555
6186,61
6187,4360
6188,560
6189,543
6190,253
6191,185
6192,450
6193,90
6194,54
6195,1400
6196,240
6197,5100
6198,1008
6199,36
6200,36
6201,48
6202,4
6203,12
6204,40
6205,40
6206,64
6207,9
6208,100
6209,23
6210,78
6211,164
6212,358
6213,164
6214,142
6215,2700
6216,100
6217,80
6218,24
6219,36
6220,487
6221,700
6222,129
6223,39
6224,14
6225,8
6226,284
6227,9
6228,9
6229,72
6230,315
6231,209
6232,2
6233,220
6234,14
6235,2200
6236,98
6237,96
6238,113
6239,16
6240,300
6241,33
6242,210
6243,5
6244,6
6245,555
6246,272
6247,94
6248,395
6249,150
6250,5
6251,11
6252,108
6253,200
6254,144
6255,150
6256,92
6257,100
6258,6
6259,180
6260,11
6261,66.25
6262,12
6263,3538
6264,91
6265,55
6266,93
6267,20
6268,21
6269,540
6270,4000
6271,12
6272,466((2)/(3))
6273,77
6274,31.2
6275,600
6276,3
6277,54
6278,250
6279,4
6280,5
6281,320
6282,186
6283,10
6284,21
6285,1.16
6286,2.12
6287,21
6288,210
6289,24
6290,208
6291,510
6292,4.7
6293,57.5
6294,87
6295,3
6296,1360
6297,75
6298,100.74
6299,56.7
6300,23
6301,12
6302,307
6303,260
6304,64
6305,165
6306,15555
6307,315
6308,6
6309,74
6310,155
6311,72
6312,50
6313,21
6314,70
6315,108
6316,36
6317,42
6318,13000
6319,50
6320,0.1
6321,64000
6322,4200
6323,260
6324,11
6325,3
6326,12
6327,400
6328,65
6329,2940
6330,6120
6331,7280
6332,710
6333,14460
6334,4800
6335,696
6336,125
6337,850
6338,9
6339,40
6340,152
6341,48
6342,160
6343,200
6344,2200
6345,4
6346,6((6)/(7))
6347,9
6348,48
6349,2
6350,20
6351,3600
6352,12((2)/(3))
6353,7.5
6354,250
6355,5
6356,12
6357,1380
6358,16
6359,15
6360,20
6361,109
6362,11185
6363,10
6364,8
6365,((9)/(10))
6366,4.8
6367,4
6368,31890
6369,748
6370,30
6371,32
6372,45
6373,((1)/(3))
6374,16
6375,121
6376,786
6377,1992
6378,18
6379,10
6380,13((1)/(7))
6381,20
6382,12
6383,7000
6384,2
6385,100
6386,78
6387,6000
6388,33
6389,1.2
6390,60
6391,0.6
6392,4
6393,13
6394,100
6395,35
6396,13440
6397,5.2
6398,4.3
6399,1428
6400,200
6401,8
6402,50
6403,6
6404,200
6405,240
6406,675
6407,900
6408,660
6409,20000
6410,12400
6411,0.7
6412,1050
6413,0.035
6414,4000
6415,104.58
6416,140.1
6417,52.4
6418,1950
6419,7
6420,540
6421,59
6422,1980
6423,45
6424,198
6425,15
6426,600
6427,180
6428,1
6429,22
6430,13.5
6431,8.2
6432,35
6433,240
6434,140
6435,120
6436,384
6437,4050
6438,162
6439,18
6440,1200
6441,1020
6442,800
6443,2
6444,40
6445,86.1
6446,5.88
6447,189.8
6448,16
6449,80
6450,322.72
6451,32
6452,38
6453,24
6454,72.5
6455,10.8
6456,600
6457,268
6458,300
6459,648
6460,0.12
6461,30
6462,40
6463,110
6464,1600
6465,80
6466,3
6467,10
6468,(-99)
6469,21
6470,20
6471,60
6472,29
6473,8
6474,6((2)/(3))
6475,4
6476,37
6477,8
6478,4
6479,4
6480,42
6481,0.3
6482,48
6483,1325
6484,6
6485,300
6486,8
6487,196
6488,720
6489,576
6490,4
6491,70
6492,250
6493,105
6494,8
6495,62.8
6496,64
6497,989.44
6498,29.8
6499,24.2
6500,44
6501,8
6502,6
6503,2
6504,24
6505,600
6506,144
6507,180
6508,95
6509,16
6510,35
6511,140
6512,32
6513,335
6514,368
6515,3
6516,240
6517,132
6518,8.95
6519,3050
6520,17
6521,1568
6522,5
6523,1.73
6524,2
6525,3
6526,720
6527,11.5
6528,64
6529,91
6530,1050
6531,840
6532,32
6533,6
6534,1620
6535,90
6536,176
6537,54
6538,170
6539,35
6540,160
6541,50
6542,1800
6543,222
6544,1
6545,322
6546,2000
6547,6.25
6548,143
6549,375
6550,16
6551,1992
6552,200
6553,9
6554,4
6555,648
6556,133
6557,27000
6558,78
6559,4
6560,12
6561,660
6562,2.27
6563,15
6564,88
6565,35
6566,24
6567,17.6
6568,22875
6569,80
6570,160
6571,45
6572,1802
6573,11250
6574,12.5
6575,1908
6576,900
6577,153.9
6578,4410
6579,8
6580,40
6581,360
6582,85
6583,2520
6584,4((1)/(6))
6585,3.6
6586,576
6587,36
6588,45.9
6589,8
6590,288
6591,1330
6592,80
6593,130
6594,900
6595,75
6596,120
6597,6.7
6598,306
6599,2730
6600,1344
6601,2250
6602,52
6603,328
6604,38.4
6605,225
6606,18750
6607,120
6608,18.5
6609,18
6610,62
6611,248
6612,4((26)/(72))
6613,24
6614,224
6615,1050
6616,624
6617,885
6618,36
6619,352
6620,22
6621,9
6622,4
6623,576
6624,1320
6625,6000
6626,12000
6627,519
6628,600
6629,60
6630,804
6631,13.2
6632,90
6633,70
6634,160
6635,6.1
6636,10
6637,1
6638,24
6639,23800
6640,80
6641,500
6642,1530
6643,30
6644,552
6645,2000
6646,8000
6647,6960
6648,13610
6649,34
6650,358
6651,48
6652,100
6653,615
6654,217
6655,10.10
6656,23
6657,20
6658,195
6659,540
6660,25
6661,266
6662,4
6663,5
6664,277.5
6665,8
6666,126
6667,848
6668,280
6669,23
6670,1050
6671,1872
6672,45
6673,451.5
6674,138
6675,183
6676,27
6677,371
6678,3600
6679,770
6680,40
6681,1680
6682,468
6683,21((7)/(15))
6684,606
6685,128
6686,525
6687,440
6688,29400
6689,732
6690,2000
6691,52
6692,2.1
6693,560
6694,240
6695,56
6696,24
6697,2700
6698,1152
6699,10.3
6700,47
6701,6000
6702,980
6703,13
6704,4840
6705,4
6706,45
6707,23
6708,18.72
6709,109920
6710,18000
6711,10
6712,97
6713,8
6714,9
6715,7
6716,16
6717,17
6718,18
6719,23
6720,85
6721,3216
6722,150
6723,60
6724,248
6725,880
6726,80
6727,((5)/(9))
6728,18
6729,0.6
6730,21
6731,29
6732,8
6733,12
6734,19
6735,48
6736,52
6737,79
6738,38
6739,96
6740,10
6741,41
6742,21
6743,32
6744,12
6745,15
6746,2
6747,3
6748,30
6749,32
6750,21
6751,4
6752,29
6753,35
6754,36
6755,80
6756,37
6757,8
6758,29
6759,17
6760,35
6761,45
6762,6
6763,20
6764,4
6765,36
6766,4
6767,30
6768,4
6769,4
6770,6
6771,6
6772,40
6773,60
6774,20
6775,7
6776,9
6777,15
6778,1
6779,16
6780,10
6781,18
6782,45
6783,43
6784,39
6785,72
6786,(-5)
6787,50
6788,8
6789,61
6790,87
6791,6
6792,18
6793,79
6794,54
6795,10
6796,38
6797,24
6798,35
6799,40
6800,51
6801,20
6802,155
6803,22
6804,14
6805,114
6806,40
6807,100
6808,10
6809,27
6810,37
6811,66
6812,50
6813,42
6814,33
6815,47
6816,9
6817,25
6818,47
6819,81
6820,37
6821,11
6822,31
6823,23
6824,6
6825,16
6826,30
6827,38
6828,12
6829,28
6830,33
6831,80
6832,57
6833,14
6834,36
6835,42
6836,46
6837,16
6838,24
6839,12
6840,7
6841,35
6842,7
6843,6
6844,13
6845,12
6846,8
6847,38
6848,6
6849,18
6850,14
6851,7
6852,6
6853,4
6854,12
6855,17
6856,9
6857,8
6858,23.52
6859,178
6860,1320
6861,59
6862,100
6863,5670
6864,680
6865,8
6866,2
6867,95%
6868,1792
6869,400
6870,128
6871,304
6872,410
6873,1500
6874,3600
6875,144
6876,12
6877,5
6878,260
6879,40
6880,200
6881,7.5
6882,108
6883,16
6884,300
6885,220
6886,136
6887,792
6888,60
6889,8
6890,68
6891,48
6892,10
6893,18
6894,6
6895,391
6896,64
6897,1680
6898,5652
6899,1125
6900,36
6901,0.6
6902,18840
6903,56
6904,1
6905,102
6906,8
6907,63
6908,13
6909,625
6910,37
6911,320
6912,40
6913,96%
6914,92%
6915,((1)/(5))
6916,31.9904
6917,20
6918,77.76
6919,21.6
6920,252
6921,816
6922,10
6923,27
6924,3025
6925,32
6926,12
6927,5000
6928,75.36
6929,1296
6930,7245
6931,3
6932,70
6933,40
6934,0.75
6935,13
6936,18
6937,40
6938,13
6939,4
6940,25%
6941,2
6942,90
6943,115%
6944,89
6945,28
6946,6
6947,6
6948,53
6949,250
6950,149((1)/(10))
6951,31.4
6952,360
6953,42
6954,3.3
6955,45
6956,20
6957,1.2
6958,9
6959,109.9
6960,150
6961,96
6962,7500
6963,336
6964,5
6965,5
6966,28
6967,6.26
6968,20
6969,30
6970,20
6971,20
6972,8.16
6973,8
6974,36
6975,160
6976,13((1)/(3))
6977,16
6978,96
6979,40
6980,28
6981,20%
6982,5100
6983,6000
6984,5
6985,88
6986,2040
6987,112
6988,200
6989,25
6990,4500
6991,1600
6992,120
6993,30
6994,270
6995,2600
6996,600
6997,5.28
6998,30000000
6999,2280
7000,14
7001,0.40
7002,1
7003,20
7004,64
7005,10
7006,80
7007,180
7008,16%
7009,4.8
7010,144
7011,31.9901
7012,625
7013,300
7014,20
7015,8640
7016,150000
7017,12
7018,25.2
7019,1560
7020,50
7021,235.92
7022,100
7023,72
7024,1.25
7025,80
7026,180
7027,2.592
7028,20%
7029,6028.8
7030,120
7031,10
7032,72
7033,150
7034,25%
7035,80
7036,4
7037,6%
7038,0.512
7039,731
7040,6
7041,780
7042,470
7043,210
7044,60
7045,8.1
7046,270
7047,96
7048,50
7049,1
7050,15813
7051,1560
7052,((8)/(3))
7053,2
7054,16
7055,80
7056,18.84
7057,15
7058,18
7059,0.028
7060,95%
7061,19
7062,22.3
7063,38.4
7064,12
7065,3.7
7066,2800
7067,1.7
7068,12
7069,43((1)/(3))
7070,9.42
7071,1
7072,400
7073,12.5
7074,27.5%
7075,54
7076,770
7077,50
7078,2500
7079,1.5
7080,22
7081,120
7082,60
7083,1020
7084,6
7085,12
7086,208
7087,3.2
7088,24
7089,35
7090,96
7091,100
7092,9
7093,5184
7094,40
7095,520
7096,8
7097,60
7098,92.34
7099,0.04
7100,41
7101,400
7102,78
7103,0.5
7104,3
7105,2.6
7106,157
7107,8000
7108,18
7109,75
7110,((1)/(3))
7111,10
7112,28.26
7113,20
7114,11((2)/(3))
7115,60
7116,1680
7117,251.2
7118,19118
7119,57
7120,4
7121,427.7
7122,490
7123,224
7124,32
7125,9
7126,540
7127,85((5)/(18))
7128,40
7129,105
7130,12.56
7131,4
7132,40
7133,100
7134,188
7135,65
7136,120
7137,180
7138,62.5
7139,56
7140,2.62
7141,0.68
7142,18
7143,10%
7144,0.5
7145,7
7146,85%
7147,25%
7148,13
7149,15
7150,6
7151,6
7152,260
7153,5
7154,80
7155,7500
7156,20525
7157,91
7158,116.6
7159,1.8
7160,48
7161,3125
7162,3
7163,5
7164,120
7165,0.5
7166,364
7167,90
7168,93.75
7169,48
7170,2
7171,80
7172,128
7173,56%
7174,20%
7175,900
7176,8
7177,1000
7178,175
7179,196
7180,12.56
7181,522.5
7182,1400
7183,3330
7184,2.4
7185,72.5
7186,9
7187,768
7188,2
7189,28
7190,97
7191,0.48
7192,225
7193,86168.8
7194,5920
7195,4.9
7196,1200
7197,144
7198,27
7199,63
7200,6
7201,6
7202,6520
7203,108
7204,4
7205,80
7206,240
7207,75
7208,9600
7209,426
7210,306
7211,5.2
7212,45
7213,1.15
7214,5
7215,62.8
7216,796
7217,98.59
7218,11.31
7219,705
7220,56
7221,2128
7222,15
7223,15%
7224,300
7225,135
7226,14.4
7227,27
7228,32
7229,35
7230,16%
7231,1200
7232,30000000
7233,240000
7234,2.5
7235,90
7236,23.92
7237,400
7238,200
7239,11
7240,8
7241,200
7242,50
7243,365
7244,5
7245,630
7246,73
7247,3.6
7248,168
7249,2000
7250,3000
7251,5
7252,36
7253,1.8
7254,3001
7255,110
7256,5850
7257,340
7258,1020
7259,185
7260,60
7261,24
7262,180000
7263,136
7264,864
7265,126
7266,((10)/(33))
7267,3360
7268,0.75
7269,5500
7270,12.56
7271,37.68
7272,36
7273,300
7274,2
7275,95
7276,100
7277,750
7278,600
7279,40000000
7280,56
7281,100
7282,240
7283,10%
7284,30
7285,15
7286,12
7287,21
7288,5
7289,150
7290,36
7291,2500
7292,35
7293,135
7294,3000
7295,25.98
7296,240
7297,150
7298,272
7299,54.2
7300,50
7301,((73)/(80))
7302,15
7303,200
7304,25000
7305,80
7306,108
7307,6000
7308,400
7309,1.3
7310,35025
7311,380000
7312,1499224
7313,450
7314,108.15
7315,72
7316,55
7317,251.2
7318,1200
7319,376.8
7320,9
7321,36
7322,540
7323,500
7324,83.3
7325,4
7326,2000
7327,0.4
7328,30
7329,16
7330,12
7331,720
7332,1.275
7333,140
7334,300
7335,340
7336,5256
7337,4021.12
7338,15
7339,124
7340,46.135
7341,48
7342,16
7343,6
7344,144
7345,6
7346,327
7347,22875
7348,62.8
7349,6800
7350,990
7351,28
7352,80
7353,1
7354,2500
7355,1320
7356,198.06475
7357,285
7358,3
7359,63
7360,4.5
7361,940
7362,778
7363,8
7364,90
7365,37
7366,4200
7367,2000
7368,1500
7369,72
7370,12
7371,4
7372,720
7373,48
7374,80
7375,((40)/(9))
7376,((5)/(12))
7377,53.664
7378,50
7379,1575.36
7380,600
7381,1
7382,4900
7383,11
7384,5
7385,199.3984
7386,160
7387,1000
7388,3.14
7389,14.25
7390,6
7391,1530
7392,5
7393,1256
7394,100
7395,520
7396,8400
7397,100
7398,16
7399,60
7400,64
7401,4.8
7402,2.5
7403,40
7404,60
7405,720
7406,5((5)/(6))
7407,9
7408,10000
7409,225
7410,84
7411,10
7412,100
7413,125
7414,65
7415,4
7416,1
7417,120
7418,195
7419,1
7420,92
7421,5.6
7422,9
7423,54
7424,158
7425,45
7426,36
7427,10
7428,0.2
7429,3600
7430,100%
7431,480
7432,42
7433,4
7434,50.8
7435,1600
7436,108
7437,12.6
7438,18
7439,6
7440,2800
7441,4
7442,180
7443,0.8
7444,16((4)/(5))
7445,0.8
7446,28
7447,180
7448,7200
7449,7500
7450,12.56
7451,30
7452,80
7453,50
7454,3
7455,55
7456,60%
7457,24
7458,3.14
7459,4.8
7460,500
7461,360
7462,54
7463,4496
7464,7.7
7465,270
7466,480
7467,48
7468,12500000
7469,90
7470,314
7471,8;area=3.14*8^2,answer:200.94
7472,20
7473,0.2
7474,153
7475,6
7476,520
7477,10
7478,55
7479,5.6
7480,29
7481,47.5
7482,440
7483,400
7484,32000
7485,102
7486,450
7487,27
7488,5
7489,9600
7490,15
7491,399
7492,112
7493,80
7494,90
7495,24
7496,2.4
7497,450
7498,3.3
7499,15
7500,128.437
7501,3
7502,14400
7503,300000
7504,1800
7505,173
7506,32
7507,2400
7508,66
7509,200
7510,((12)/(5))
7511,1872
7512,2550
7513,12
7514,116
7515,450
7516,69
7517,625
7518,15
7519,39
7520,1505
7521,3030
7522,1413
7523,16
7524,744
7525,172.8
7526,22600
7527,675
7528,2.5
7529,2
7530,200
7531,50
7532,28
7533,320
7534,2240
7535,457.6
7536,135
7537,27.28
7538,150
7539,5.6
7540,60
7541,18.5
7542,612
7543,160
7544,50
7545,133
7546,12
7547,30.84
7548,675
7549,471
7550,80
7551,3140
7552,115
7553,58
7554,55
7555,810
7556,25
7557,18000000
7558,8
7559,9
7560,125
7561,5
7562,300
7563,144
7564,40
7565,480
7566,99
7567,9.25
7568,630
7569,630
7570,18
7571,7
7572,25.72
7573,24
7574,7800
7575,1
7576,2
7577,70.688
7578,24.5
7579,((2)/(3))
7580,200
7581,64
7582,29.1
7583,135
7584,15000000
7585,90000000
7586,50
7587,36
7588,32
7589,182
7590,5
7591,17
7592,20
7593,12.5
7594,1240
7595,1080
7596,53
7597,47
7598,18
7599,55
7600,5
7601,600
7602,74.88
7603,8
7604,16
7605,156
7606,0.512
7607,125000
7608,80
7609,35
7610,24
7611,6.8
7612,34
7613,68
7614,56
7615,4.32
7616,10
7617,25
7618,54
7619,24
7620,24
7621,None
7622,60
7623,72
7624,0.22
7625,36
7626,512
7627,57.5
7628,36.55
7629,0.6
7630,3.37
7631,3.8
7632,5.25
7633,360
7634,90
7635,85%
7636,800
7637,14.5
7638,1260
7639,57
7640,0.039304
7641,((3)/(5))
7642,((1)/(2))
7643,8
7644,21
7645,20
7646,((72)/(100))
7647,63
7648,((1)/(2))
7649,((1)/(7))
7650,1120
7651,2880
7652,3
7653,0.8
7654,144
7655,2400
7656,((19)/(20))
7657,64
7658,20
7659,10.4
7660,16
7661,31.8
7662,((7)/(5))
7663,((1)/(2))
7664,2
7665,((2)/(5))
7666,((1)/(3))
7667,3250
7668,4
7669,70
7670,21
7671,31
7672,17
7673,9
7674,3
7675,505
7676,4
7677,2430
7678,1((1)/(20))
7679,1.6
7680,1.6
7681,4016
7682,48000
7683,7
7684,150
7685,20
7686,800
7687,872
7688,((29)/(35))
7689,35
7690,1782
7691,64
7692,8280
7693,((21)/(50))
7694,3
7695,5.34
7696,10((4)/(5))
7697,3
7698,3
7699,26
7700,3
7701,100
7702,6
7703,9.5
7704,13.35
7705,1((3)/(10))
7706,3045
7707,800
7708,28
7709,164
7710,72
7711,((1)/(2))
7712,15
7713,((11)/(24))
7714,3
7715,42
7716,42
7717,29.97
7718,((7)/(24))
7719,120
7720,2
7721,47.333...
7722,87.5
7723,120
7724,1350
7725,11
7726,((9)/(10))
7727,1.8
7728,222
7729,6
7730,168
7731,882
7732,72
7733,0.3
7734,20
7735,337.5
7736,14
7737,5
7738,50
7739,80
7740,158
7741,135
7742,36
7743,85
7744,640
7745,128
7746,37((1)/(9))
7747,12
7748,194
7749,114
7750,1((7)/(11))
7751,350
7752,1.8
7753,4000
7754,1.25
7755,1.0125
7756,160
7757,1320
7758,135
7759,((1)/(30))
7760,6
7761,13.4
7762,400
7763,9
7764,10
7765,6
7766,6
7767,32800
7768,75
7769,448
7770,230
7771,2865
7772,1((3)/(20))
7773,200
7774,48
7775,47.3
7776,1214
7777,30
7778,6
7779,60
7780,3((2)/(5))
7781,240
7782,3066((2)/(3))
7783,82
7784,200
7785,10((10)/(28))
7786,19((1)/(12))
7787,432
7788,1800
7789,150
7790,89.65
7791,26
7792,330
7793,((4)/(7))
7794,5
7795,15
7796,16((2)/(3))
7797,43.7
7798,1260
7799,240
7800,112.5
7801,60
7802,1250
7803,((1)/(3))
7804,12
7805,4.6
7806,100
7807,232
7808,291
7809,183((1)/(3))
7810,2.8
7811,80
7812,0.5
7813,30
7814,10
7815,0.72
7816,((4)/(5))
7817,13((1)/(3))
7818,26((2)/(3))
7819,2.55
7820,5
7821,((9)/(10))
7822,5416
7823,1014
7824,0.2
7825,15
7826,((1)/(2))
7827,((1)/(5))
7828,80000
7829,54
7830,72
7831,630
7832,54
7833,23((1)/(7))
7834,0.0093
7835,20.5
7836,((53)/(40))
7837,24
7838,600
7839,52
7840,128
7841,((18)/(35))
7842,3
7843,35
7844,4
7845,9
7846,2
7847,135
7848,53
7849,320
7850,6
7851,((7)/(8))
7852,570
7853,6
7854,16
7855,((5)/(4))
7856,4
7857,1.55
7858,48
7859,340
7860,32
7861,((4)/(15));y=(3/4)/(1/5),answer:((15)/(4))
7862,302
7863,3
7864,10.3
7865,1
7866,1188
7867,9
7868,((40)/(9))
7869,1
7870,180
7871,((3)/(4))
7872,2.5
7873,12.6
7874,1.75
7875,((1)/(4))
7876,5
7877,7
7878,50
7879,12
7880,((3)/(8))
7881,150
7882,62.5
7883,((3)/(5))
7884,((1)/(10))
7885,((12)/(25))
7886,96
7887,((7)/(18))
7888,12
7889,1440000
7890,8
7891,1.5
7892,6
7893,780
7894,242
7895,13((7)/(9))
7896,8790
7897,80
7898,150
7899,6
7900,12
7901,9
7902,5((13)/(26))
7903,20
7904,5.42
7905,3
7906,644
7907,200
7908,3((3)/(11))
7909,((3)/(20))
7910,8
7911,9((3)/(7))
7912,0.5
7913,16.5
7914,2550
7915,((3)/(32))
7916,10
7917,96
7918,((1)/(5))
7919,864
7920,((9)/(20))
7921,4
7922,0
7923,((1)/(4))
7924,2
7925,324
7926,150
7927,1200
7928,2
7929,480
7930,50
7931,80
7932,((4)/(5))
7933,24
7934,77
7935,((5)/(8))
7936,((3)/(5))
7937,((2)/(5))
7938,1
7939,8
7940,7
7941,9
7942,((5)/(12))
7943,3
7944,300
7945,42.5
7946,3.466666...
7947,15
7948,26
7949,25
7950,((12)/(35))
7951,1.2
7952,30
7953,12
7954,128.6
7955,86
7956,55
7957,2542
7958,2.2
7959,130
7960,1((13)/(30))
7961,10
7962,36
7963,20
7964,7000
7965,6
7966,5
7967,15
7968,1728
7969,59
7970,196
7971,6
7972,624
7973,400
7974,4
7975,1680
7976,120
7977,100
7978,20
7979,16
7980,42
7981,448
7982,25
7983,1600
7984,12
7985,70
7986,9((3)/(10))
7987,180
7988,180
7989,144000
7990,294
7991,72
7992,6
7993,1200
7994,193
7995,3
7996,180
7997,1750
7998,((5)/(7))
7999,42
